name,team,total_points,starts,goals_scored,expected_goals,expected_goals_per_90,assists,expected_assists,expected_assists_per_90,expected_goal_involvements_per_90,ict_index,threat,creativity,influence,penalties_order,direct_freekicks_order
Mohamed Salah,Liverpool,238,23,21,17.56,0.78,13,5.78,0.26,1.04,321.8,1410.0,698.0,1111.6,2.0,
Cole Palmer,Chelsea,173,24,14,11.81,0.51,8,6.84,0.29,0.8,249.7,728.0,922.4,844.4,1.0,1.0
Chris Wood,Nott'm Forest,154,23,17,10.17,0.48,2,0.36,0.02,0.5,149.7,657.0,176.9,660.0,1.0,
Alexander Isak,Newcastle,152,22,17,14.08,0.7,5,3.11,0.16,0.86,216.0,905.0,463.7,795.8,2.0,3.0
Bryan Mbeumo,Brentford,149,24,14,8.14,0.34,3,5.48,0.23,0.57,217.2,652.0,702.1,815.8,2.0,2.0
Erling Haaland,Man City,149,24,19,18.13,0.77,2,1.3,0.06,0.83,236.9,1281.0,273.3,811.8,1.0,3.0
Justin Kluivert,Bournemouth,123,19,11,8.74,0.51,4,1.84,0.11,0.62,154.4,607.0,374.0,561.2,1.0,
Matheus Santos Carneiro Da Cunha,Wolves,123,21,11,5.29,0.25,4,3.95,0.19,0.44,187.2,625.0,567.6,678.6,3.0,3.0
Ollie Watkins,Aston Villa,116,20,10,11.24,0.62,5,1.39,0.08,0.7,151.2,784.0,257.9,487.0,1.0,
Nicolas Jackson,Chelsea,108,22,9,10.72,0.56,6,1.66,0.09,0.65,167.9,856.0,317.7,501.6,,
Ola Aina,Nott'm Forest,108,24,2,0.56,0.02,1,1.34,0.06,0.08,67.5,65.0,173.4,437.4,,
Bukayo Saka,Arsenal,107,16,5,4.17,0.3,11,5.6,0.4,0.7,174.9,604.0,630.0,516.2,1.0,
Alex Iwobi,Fulham,107,24,7,2.96,0.13,3,4.99,0.22,0.35,173.6,504.0,657.7,574.2,,
Trent Alexander-Arnold,Liverpool,107,21,1,1.08,0.06,6,6.23,0.32,0.38,138.4,160.0,699.8,525.0,,1.0
Amad Diallo,Man Utd,107,17,6,4.12,0.23,7,3.42,0.19,0.42,154.7,477.0,552.3,516.8,,
Anthony Gordon,Newcastle,107,22,6,7.52,0.36,6,4.34,0.21,0.57,181.9,600.0,710.0,508.2,3.0,
Matz Sels,Nott'm Forest,107,24,0,0.0,0.0,1,0.06,0.0,0.0,59.7,0.0,0.1,593.2,,
Luis Díaz,Liverpool,106,17,8,6.66,0.42,3,2.07,0.13,0.55,137.0,569.0,379.9,422.6,,
Jordan Pickford,Everton,104,23,0,0.0,0.0,1,0.15,0.01,0.01,65.8,0.0,20.3,639.4,,
Bruno Borges Fernandes,Man Utd,104,23,5,7.84,0.37,7,4.42,0.21,0.58,174.4,415.0,756.3,576.4,1.0,1.0
Son Heung-min,Spurs,104,19,6,5.2,0.3,8,3.9,0.22,0.52,158.2,521.0,543.8,516.2,1.0,
Yoane Wissa,Brentford,103,20,10,11.09,0.6,3,1.22,0.07,0.67,131.0,621.0,226.7,469.6,4.0,
Jean-Philippe Mateta,Crystal Palace,103,22,10,9.9,0.48,1,1.56,0.08,0.56,128.4,546.0,285.5,455.2,1.0,
Antoine Semenyo,Bournemouth,102,23,7,7.02,0.31,4,3.17,0.14,0.45,178.4,869.0,412.0,510.2,,
James Maddison,Spurs,102,15,8,4.66,0.32,5,4.49,0.31,0.63,142.7,424.0,471.4,534.2,2.0,2.0
Raúl Jiménez,Fulham,100,19,9,8.63,0.51,2,1.57,0.09,0.6,130.7,680.0,208.4,420.8,2.0,
Jarrod Bowen,West Ham,100,20,6,5.0,0.26,6,4.7,0.24,0.5,171.2,661.0,548.2,505.6,4.0,
Noni Madueke,Chelsea,99,18,7,7.53,0.47,4,2.13,0.13,0.6,155.1,795.0,343.0,412.4,3.0,
Morgan Rogers,Aston Villa,97,23,6,3.67,0.17,5,3.05,0.14,0.31,125.5,404.0,428.4,421.0,,
Dejan Kulusevski,Spurs,97,22,6,3.54,0.16,4,3.81,0.18,0.34,191.7,625.0,765.1,529.8,,
Kai Havertz,Arsenal,96,21,9,9.39,0.46,3,1.63,0.08,0.54,142.6,701.0,257.0,467.2,3.0,
Mitoma Kaoru,Brighton,95,21,5,5.1,0.24,4,3.41,0.16,0.4,148.2,589.0,474.2,418.4,,
Morgan Gibbs-White,Nott'm Forest,95,20,5,3.39,0.19,6,3.69,0.21,0.4,136.3,440.0,490.8,431.0,2.0,2.0
Gabriel dos Santos Magalhães,Arsenal,94,22,3,2.56,0.12,2,1.03,0.05,0.17,94.0,272.0,170.8,496.4,,
David Raya Martin,Arsenal,93,24,0,0.0,0.0,0,0.01,0.0,0.0,50.3,0.0,0.0,502.6,,
Liam Delap,Ipswich,93,22,9,7.29,0.37,2,1.26,0.06,0.43,114.7,518.0,242.8,392.0,,
Cody Gakpo,Liverpool,92,15,8,5.4,0.38,4,2.7,0.19,0.57,133.8,489.0,387.9,460.4,,
Lewis Hall,Newcastle,92,21,0,0.43,0.02,5,3.41,0.16,0.18,107.8,124.0,487.6,463.8,,
Anthony Elanga,Nott'm Forest,92,18,3,2.58,0.16,8,3.39,0.21,0.37,120.0,341.0,476.6,379.0,,4.0
Nikola Milenković,Nott'm Forest,92,23,2,3.1,0.13,1,0.52,0.02,0.15,71.0,237.0,50.1,425.8,,
Milos Kerkez,Bournemouth,90,24,2,0.44,0.02,3,1.75,0.08,0.1,95.7,133.0,372.5,450.8,,
Mikkel Damsgaard,Brentford,90,21,2,2.1,0.11,7,3.95,0.2,0.31,140.8,242.0,639.4,526.4,,3.0
Jamie Vardy,Leicester,90,22,7,8.41,0.43,4,2.11,0.11,0.54,104.9,513.0,181.8,357.6,1.0,
Virgil van Dijk,Liverpool,90,23,1,1.51,0.07,1,0.65,0.03,0.1,87.0,224.0,128.9,518.6,,3.0
Gabriel Martinelli Silva,Arsenal,89,16,6,4.04,0.25,3,2.96,0.18,0.43,131.6,570.0,356.9,389.4,,
Phil Foden,Man City,89,15,7,4.58,0.3,3,4.76,0.31,0.61,139.3,393.0,593.1,408.2,,
Joško Gvardiol,Man City,89,22,5,4.18,0.19,0,2.15,0.1,0.29,131.9,396.0,345.0,575.2,,
Brennan Johnson,Spurs,89,16,7,8.41,0.51,4,1.18,0.07,0.58,120.4,614.0,215.7,380.2,,
Daniel Muñoz,Crystal Palace,88,23,2,3.47,0.16,4,2.24,0.1,0.26,122.6,322.0,406.1,498.6,,
Antonee Robinson,Fulham,88,24,0,0.69,0.03,10,3.1,0.13,0.16,139.2,166.0,554.8,669.2,,
Jacob Murphy,Newcastle,88,17,4,2.59,0.17,8,3.58,0.24,0.41,105.5,274.0,383.7,399.6,,
William Saliba,Arsenal,87,22,2,1.88,0.09,0,0.8,0.04,0.13,59.7,89.0,79.8,425.4,,
Bruno Guimarães Rodriguez Moura,Newcastle,87,24,2,2.25,0.1,6,4.07,0.18,0.28,123.0,209.0,544.4,474.6,,
Dango Ouattara,Bournemouth,86,12,6,5.87,0.43,4,2.28,0.17,0.6,125.7,484.0,295.8,479.8,,
Dean Henderson,Crystal Palace,86,24,0,0.01,0.0,0,0.02,0.0,0.0,55.7,4.0,10.0,544.0,,
Murillo Santiago Costa dos Santos,Nott'm Forest,86,23,1,1.08,0.05,0,0.89,0.04,0.09,87.3,140.0,152.4,579.4,,3.0
Leandro Trossard,Arsenal,85,16,4,3.23,0.2,5,2.46,0.15,0.35,112.6,402.0,363.9,361.6,4.0,
Kevin Schade,Brentford,85,12,6,4.63,0.36,4,0.95,0.07,0.43,89.4,415.0,143.7,338.8,,
Marc Guéhi,Crystal Palace,85,23,3,1.43,0.06,1,0.49,0.02,0.08,87.2,155.0,115.5,603.0,,
Jørgen Strand Larsen,Wolves,84,22,7,6.14,0.3,2,0.55,0.03,0.33,111.3,560.0,195.7,360.2,,
André Onana,Man Utd,83,24,0,0.0,0.0,0,0.19,0.01,0.01,51.6,0.0,13.0,502.6,,
Dominic Solanke-Mitchell,Spurs,83,18,7,8.43,0.47,5,1.08,0.06,0.53,113.6,581.0,168.4,396.2,,
Pedro Porro,Spurs,83,21,2,1.5,0.07,5,2.95,0.13,0.2,135.5,179.0,582.3,593.0,,1.0
Ismaïla Sarr,Crystal Palace,82,17,4,4.4,0.25,4,4.11,0.23,0.48,126.5,555.0,340.3,369.8,,
João Pedro Junqueira de Jesus,Brighton,80,16,5,4.03,0.27,5,2.17,0.15,0.42,106.6,427.0,291.7,347.8,1.0,
Iliman Ndiaye,Everton,80,21,6,3.58,0.17,0,1.03,0.05,0.22,106.1,331.0,278.9,448.0,,
Emile Smith Rowe,Fulham,80,18,4,3.34,0.21,2,1.51,0.09,0.3,85.3,235.0,307.0,309.4,,
Dominik Szoboszlai,Liverpool,80,16,3,5.23,0.32,6,3.6,0.22,0.54,118.6,397.0,488.1,301.0,,2.0
James Tarkowski,Everton,79,23,0,0.97,0.04,1,1.88,0.08,0.12,90.2,155.0,140.2,602.6,,
Francisco Evanilson de Lima Barbosa,Bournemouth,78,17,5,6.46,0.42,4,1.3,0.09,0.51,101.5,573.0,202.1,243.6,2.0,
Tyrick Mitchell,Crystal Palace,78,24,0,0.63,0.03,3,2.88,0.12,0.15,96.0,111.0,418.7,425.6,,
Sávio 'Savinho' Moreira de Oliveira,Man City,77,14,1,3.1,0.24,9,5.12,0.39,0.63,124.8,455.0,483.2,308.2,,4.0
Thomas Partey,Arsenal,76,20,3,1.53,0.07,3,1.59,0.08,0.15,83.1,136.0,255.9,436.6,,
Joelinton Cássio Apolinário de Lira,Newcastle,76,23,4,3.43,0.16,1,1.67,0.08,0.24,110.4,396.0,317.2,388.4,,
Tomáš Souček,West Ham,76,19,5,3.77,0.2,2,1.17,0.06,0.26,96.4,373.0,189.7,407.6,,
Danny Welbeck,Brighton,75,16,6,6.05,0.4,2,0.48,0.03,0.43,91.5,416.0,193.0,306.0,3.0,1.0
Maxence Lacroix,Crystal Palace,75,21,1,1.87,0.09,2,0.46,0.02,0.11,64.1,159.0,44.5,437.4,,
Enzo Fernández,Chelsea,74,18,3,2.73,0.15,5,3.81,0.2,0.35,132.0,253.0,631.8,432.4,4.0,3.0
Robert Sánchez,Chelsea,74,21,0,0.0,0.0,0,0.01,0.0,0.0,55.3,0.0,0.0,554.6,,
Eberechi Eze,Crystal Palace,74,19,2,4.81,0.27,5,2.86,0.16,0.43,140.5,433.0,605.1,368.8,2.0,1.0
Ashley Young,Everton,74,17,1,0.22,0.01,3,1.47,0.09,0.1,64.9,35.0,263.4,349.4,,1.0
Mateo Kovačić,Man City,74,18,4,1.39,0.08,2,2.51,0.15,0.23,99.1,147.0,434.1,409.6,,
Jurriën Timber,Arsenal,73,20,1,0.75,0.04,1,1.01,0.05,0.09,68.3,187.0,221.9,276.2,,
Bernd Leno,Fulham,73,24,0,0.0,0.0,1,0.02,0.0,0.0,60.1,0.0,20.0,582.0,,
Nathan Collins,Brentford,72,24,2,2.12,0.09,5,1.18,0.05,0.14,100.5,233.0,114.5,656.8,,
Georginio Rutter,Brighton,72,14,4,3.4,0.24,4,1.32,0.09,0.33,78.7,327.0,206.6,265.0,,
Bernardo Veiga de Carvalho e Silva,Man City,72,21,2,2.82,0.13,4,3.27,0.15,0.28,141.3,449.0,568.2,395.8,,
Kevin De Bruyne,Man City,72,11,2,2.54,0.23,8,4.45,0.4,0.63,112.3,238.0,585.3,302.4,4.0,1.0
Vitalii Mykolenko,Everton,71,21,0,0.39,0.02,1,1.16,0.06,0.08,61.6,58.0,238.3,318.0,,
Mark Flekken,Brentford,70,23,0,0.0,0.0,1,0.07,0.0,0.0,87.2,0.0,10.1,865.0,,
Callum Hudson-Odoi,Nott'm Forest,70,18,3,1.92,0.11,3,1.84,0.11,0.22,104.7,266.0,484.5,300.4,,
Declan Rice,Arsenal,69,20,1,1.47,0.08,5,4.03,0.21,0.29,123.2,198.0,620.2,418.6,,2.0
Elliot Anderson,Nott'm Forest,69,19,1,1.09,0.06,5,2.8,0.16,0.22,106.9,201.0,453.0,413.2,,
Alisson Ramses Becker,Liverpool,68,15,0,0.0,0.0,0,0.2,0.01,0.01,31.7,0.0,13.0,306.6,,
Lisandro Martínez,Man Utd,68,20,2,1.33,0.07,1,1.21,0.06,0.13,73.8,158.0,153.9,426.6,,
Rayan Aït-Nouri,Wolves,68,23,3,1.59,0.07,5,1.5,0.07,0.14,103.2,237.0,306.4,486.4,,
Neco Williams,Nott'm Forest,67,14,1,1.5,0.1,1,0.51,0.03,0.13,60.1,154.0,129.6,315.8,,5.0
Youri Tielemans,Aston Villa,66,24,1,2.19,0.1,4,4.33,0.19,0.29,131.9,152.0,694.8,471.6,2.0,
Ibrahima Konaté,Liverpool,66,16,1,1.03,0.07,2,0.71,0.05,0.12,54.6,79.0,108.5,357.2,,
Dan Burn,Newcastle,66,23,0,1.1,0.05,0,0.69,0.03,0.08,62.7,168.0,44.9,413.0,,
Emiliano Martínez Romero,Aston Villa,65,24,0,0.0,0.0,0,0.01,0.0,0.0,53.4,0.0,0.0,533.4,,
Dean Huijsen,Bournemouth,65,13,2,1.41,0.1,0,0.82,0.06,0.16,68.9,123.0,132.9,432.6,,
Dwight McNeil,Everton,65,13,3,0.87,0.07,5,3.96,0.31,0.38,100.5,169.0,547.4,287.4,,
Andrew Robertson,Liverpool,65,20,0,0.5,0.03,0,3.09,0.17,0.2,91.7,115.0,518.2,285.8,,
Harvey Barnes,Newcastle,65,6,5,2.41,0.28,1,2.62,0.31,0.59,73.1,297.0,176.2,255.8,,
Illia Zabarnyi,Bournemouth,64,24,0,0.81,0.03,0,0.4,0.02,0.05,63.8,44.0,133.5,457.8,,
Kepa Arrizabalaga,Bournemouth,64,17,0,0.0,0.0,0,0.0,0.0,0.0,47.4,0.0,10.1,465.4,,
Trevoh Chalobah,Chelsea,64,14,3,1.34,0.1,1,0.54,0.04,0.14,61.4,160.0,86.1,365.2,,
Lucas Tolentino Coelho de Lima,West Ham,64,19,4,4.79,0.27,1,2.0,0.11,0.38,92.5,219.0,391.5,317.6,1.0,3.0
Lucas Digne,Aston Villa,63,21,0,0.77,0.04,4,2.97,0.15,0.19,96.8,103.0,467.3,396.2,,2.0
Keane Lewis-Potter,Brentford,63,22,1,2.17,0.1,4,3.15,0.15,0.25,90.1,300.0,254.0,345.8,,4.0
Moisés Caicedo Corozo,Chelsea,63,24,1,0.55,0.02,3,1.7,0.07,0.09,87.4,63.0,383.4,427.4,,
Harry Wilson,Fulham,63,8,5,3.29,0.36,2,0.94,0.1,0.46,80.1,298.0,259.1,252.4,,3.0
Alexis Mac Allister,Liverpool,63,20,1,1.93,0.11,4,3.52,0.19,0.3,102.7,242.0,460.8,326.0,,
Diogo Dalot Teixeira,Man Utd,63,23,0,1.38,0.06,1,1.66,0.07,0.13,79.1,177.0,274.1,342.8,,
Aaron Wan-Bissaka,West Ham,63,22,2,0.97,0.04,2,1.58,0.07,0.11,93.2,115.0,336.8,479.8,,
Curtis Jones,Liverpool,62,10,3,3.33,0.33,4,0.49,0.05,0.38,76.4,294.0,187.1,282.8,,
Bart Verbruggen,Brighton,61,22,0,0.0,0.0,0,0.01,0.0,0.0,53.5,0.0,0.0,534.2,,
Alejandro Garnacho,Man Utd,61,13,3,5.19,0.36,2,1.27,0.09,0.45,106.7,561.0,273.9,240.6,,
Noussair Mazraoui,Man Utd,61,22,0,0.46,0.02,1,1.2,0.06,0.08,64.2,86.0,183.4,373.6,,
Martin Ødegaard,Arsenal,60,15,2,3.12,0.22,3,3.33,0.23,0.45,105.6,277.0,497.7,278.6,2.0,1.0
Lewis Cook,Bournemouth,59,21,1,0.6,0.03,3,2.79,0.13,0.16,103.5,78.0,541.9,415.0,,2.0
Marc Cucurella Saseta,Chelsea,59,20,2,1.55,0.08,2,1.74,0.09,0.17,70.6,163.0,224.3,316.8,,
Dominic Calvert-Lewin,Everton,59,19,3,6.05,0.35,2,0.63,0.04,0.39,83.6,527.0,124.7,191.0,1.0,
Omari Giraud-Hutchinson,Ipswich,59,22,2,1.79,0.09,1,1.4,0.07,0.16,83.9,294.0,297.1,245.8,,3.0
Diogo Teixeira da Silva,Liverpool,59,7,5,4.89,0.71,3,0.65,0.09,0.8,67.1,336.0,97.8,238.2,,
Mohammed Kudus,West Ham,59,19,3,4.7,0.27,1,1.79,0.1,0.37,112.4,499.0,333.5,292.6,,
Vitaly Janelt,Brentford,58,20,1,0.65,0.03,3,2.11,0.11,0.14,65.8,108.0,247.9,303.2,,
Facundo Buonanotte,Leicester,58,12,4,3.24,0.26,2,1.98,0.16,0.42,93.9,239.0,354.4,347.4,,
Jérémy Doku,Man City,58,9,3,0.77,0.09,4,1.79,0.21,0.3,84.6,273.0,274.7,297.0,,
Fabian Schär,Newcastle,58,19,2,1.7,0.09,0,0.77,0.04,0.13,64.3,160.0,65.4,421.8,,2.0
Jadon Sancho,Chelsea,57,13,2,1.5,0.12,5,2.22,0.18,0.3,79.2,247.0,313.5,233.4,,
Adama Traoré,Fulham,57,12,2,3.45,0.28,3,2.85,0.23,0.51,97.3,328.0,398.7,244.8,,
Ryan Gravenberch,Liverpool,57,23,0,0.86,0.04,2,2.7,0.12,0.16,78.5,77.0,354.0,352.4,,
Joe Aribo,Southampton,57,15,3,2.54,0.16,0,1.13,0.07,0.23,75.5,220.0,243.5,289.8,,
Emerson Palmieri dos Santos,West Ham,57,21,2,1.58,0.09,1,1.88,0.1,0.19,76.4,147.0,275.9,341.2,,1.0
João Victor Gomes da Silva,Wolves,57,22,2,1.6,0.08,1,1.96,0.1,0.18,72.8,124.0,270.0,334.8,,
Ryan Christie,Bournemouth,56,21,1,1.68,0.09,2,2.22,0.11,0.2,104.2,211.0,438.1,390.6,,
Marcus Tavernier,Bournemouth,56,13,1,4.38,0.34,6,2.18,0.17,0.51,102.0,285.0,452.2,283.4,,1.0
Tino Livramento,Newcastle,56,19,0,0.13,0.01,0,0.54,0.03,0.04,53.8,49.0,168.8,319.8,,
Idrissa Gueye,Everton,55,20,0,0.92,0.05,2,0.96,0.05,0.1,58.2,81.0,208.3,294.2,,
Stephy Mavididi,Leicester,55,14,3,1.55,0.11,1,3.09,0.22,0.33,82.7,249.0,311.1,270.6,4.0,1.0
Marcus Rashford,Aston Villa,54,12,4,1.6,0.15,1,1.36,0.13,0.28,68.9,194.0,254.7,238.8,3.0,2.0
Jarrad Branthwaite,Everton,54,14,0,0.54,0.04,0,0.21,0.01,0.05,35.7,58.0,24.3,273.6,,
Andreas Hoelgebaum Pereira,Fulham,54,16,2,3.04,0.22,4,3.09,0.22,0.44,103.5,219.0,583.7,232.8,1.0,1.0
Rodrigo Muniz Carvalho,Fulham,54,5,4,3.81,0.52,1,0.1,0.01,0.53,59.1,326.0,77.1,191.0,,
Jordan Ayew,Leicester,54,13,4,3.35,0.25,0,1.1,0.08,0.33,68.7,259.0,210.3,219.0,2.0,2.0
Jhon Durán,Aston Villa,53,4,7,5.11,0.74,0,0.24,0.03,0.77,67.5,334.0,68.9,273.8,,
Jan Paul van Hecke,Brighton,53,21,0,0.75,0.04,1,1.06,0.05,0.09,74.9,85.0,197.3,466.0,,
Christian Nørgaard,Brentford,52,21,2,2.34,0.12,2,0.53,0.03,0.15,79.0,190.0,191.4,408.0,,
Joël Veltman,Brighton,52,18,0,0.2,0.01,0,1.29,0.07,0.08,42.5,26.0,143.5,254.0,,
Abdoulaye Doucouré,Everton,52,20,1,1.7,0.09,0,0.72,0.04,0.13,57.4,140.0,250.5,184.8,,
Sam Szmodics,Ipswich,52,13,4,3.44,0.32,0,0.44,0.04,0.36,54.9,263.0,81.5,209.4,,
Joshua Zirkzee,Man Utd,52,8,3,3.09,0.32,2,0.83,0.09,0.41,60.0,246.0,157.8,199.0,,
Mateus Gonçalo Espanha Fernandes,Southampton,52,20,1,3.15,0.16,2,2.47,0.13,0.29,104.4,284.0,438.0,320.4,,3.0
Gonçalo Manuel Ganchinho Guedes,Wolves,52,6,2,2.18,0.29,4,0.54,0.07,0.36,49.9,152.0,150.8,197.8,,
Sam Morsy,Ipswich,51,21,1,0.31,0.01,1,1.0,0.05,0.06,56.4,26.0,237.3,302.6,,
Ezri Konsa Ngoyo,Aston Villa,50,22,1,0.59,0.03,0,0.41,0.02,0.05,49.4,81.0,81.6,331.4,,
Carlos Baleba,Brighton,50,18,2,1.29,0.08,1,0.59,0.03,0.11,63.5,119.0,217.0,298.0,,
Calvin Bassey,Fulham,50,23,0,0.83,0.04,0,0.24,0.01,0.05,50.2,73.0,62.1,366.4,,
Yankuba Minteh,Brighton,49,8,3,2.43,0.26,3,2.84,0.31,0.57,73.5,265.0,233.0,234.6,,
Levi Colwill,Chelsea,49,22,0,0.51,0.02,1,1.08,0.05,0.07,62.3,71.0,144.7,406.2,,
Arijanet Muric,Ipswich,49,18,0,0.0,0.0,0,0.01,0.0,0.0,53.1,0.0,0.0,531.2,,
Bilal El Khannouss,Leicester,49,14,2,0.5,0.04,1,1.2,0.1,0.14,53.8,78.0,250.0,211.4,,
Ederson Santana de Moraes,Man City,49,15,0,0.0,0.0,2,0.01,0.0,0.0,37.1,0.0,20.0,352.4,,
Aaron Ramsdale,Southampton,49,16,0,0.0,0.0,0,0.03,0.0,0.0,49.3,0.0,0.0,492.4,,
Pape Matar Sarr,Spurs,49,15,2,2.42,0.17,2,0.5,0.04,0.21,60.9,151.0,173.3,288.2,,
Jean-Ricner Bellegarde,Wolves,49,11,2,0.82,0.08,2,1.04,0.1,0.18,47.1,115.0,177.6,183.4,,1.0
José Malheiro de Sá,Wolves,49,17,0,0.0,0.0,0,0.01,0.0,0.0,39.1,0.0,20.0,372.0,,
Leif Davis,Ipswich,48,24,1,0.84,0.04,2,3.65,0.16,0.2,114.0,124.0,627.1,389.6,,4.0
Matthijs de Ligt,Man Utd,48,18,1,1.79,0.1,0,0.15,0.01,0.11,57.9,203.0,59.2,313.0,,
Nick Pope,Newcastle,48,15,0,0.0,0.0,0,0.0,0.0,0.0,39.1,0.0,0.0,392.4,,
Sandro Tonali,Newcastle,48,15,1,3.15,0.19,1,1.13,0.07,0.26,63.5,188.0,191.3,255.8,,4.0
Pedro Lomba Neto,Chelsea,47,11,2,1.09,0.09,2,2.03,0.16,0.25,80.0,248.0,328.9,223.0,,
Rico Lewis,Man City,47,16,1,1.1,0.07,2,0.8,0.05,0.12,52.4,122.0,176.8,225.4,,
Mario Lemina,Wolves,47,15,1,1.3,0.09,3,0.87,0.06,0.15,64.4,120.0,166.7,356.8,,
Will Hughes,Crystal Palace,46,16,0,0.8,0.05,3,1.7,0.11,0.16,64.0,64.0,335.5,240.4,,
Darwin Núñez Ribeiro,Liverpool,46,7,4,3.28,0.36,2,0.31,0.03,0.39,56.9,277.0,87.7,210.6,3.0,
Ryan Yates,Nott'm Forest,46,15,1,1.74,0.11,1,0.4,0.02,0.13,57.9,194.0,171.1,212.4,,
Max Kilman,West Ham,46,24,0,1.44,0.06,1,0.73,0.03,0.09,78.1,122.0,134.6,521.0,,
Adam Armstrong,Southampton,45,15,2,3.28,0.24,3,0.56,0.04,0.28,56.0,262.0,143.7,154.4,1.0,
Tyler Dibling,Southampton,45,14,2,2.12,0.16,1,1.1,0.08,0.24,66.7,227.0,248.9,191.2,,
Leon Bailey,Aston Villa,44,13,1,1.45,0.13,2,2.87,0.25,0.38,63.4,268.0,231.6,136.6,,4.0
John McGinn,Aston Villa,44,17,0,1.89,0.13,3,1.96,0.13,0.26,63.2,159.0,336.2,138.0,,
Manuel Akanji,Man City,44,20,0,0.7,0.04,0,1.09,0.06,0.1,58.0,56.0,231.8,291.8,,
Rasmus Højlund,Man Utd,44,13,2,2.27,0.18,1,0.79,0.06,0.24,43.3,171.0,165.4,101.4,,
Jan Bednarek,Southampton,44,20,2,0.65,0.03,0,0.78,0.04,0.07,68.8,67.0,63.3,559.0,,
Nélson Cabral Semedo,Wolves,44,19,0,0.58,0.03,3,0.98,0.05,0.08,67.7,85.0,240.8,350.0,,
James Justin,Leicester,43,23,2,1.37,0.06,1,0.48,0.02,0.08,78.2,185.0,180.6,414.2,,
Martin Dúbravka,Newcastle,43,9,0,0.0,0.0,0,0.0,0.0,0.0,19.6,0.0,0.0,196.4,,
Matt Doherty,Wolves,43,13,2,1.04,0.08,1,0.68,0.05,0.13,57.2,119.0,134.7,317.8,,
Gabriel Fernando de Jesus,Arsenal,42,6,3,3.05,0.46,2,0.52,0.08,0.54,52.6,255.0,119.5,154.4,,
Michail Antonio,West Ham,42,11,1,2.2,0.24,4,0.91,0.1,0.34,39.5,194.0,139.5,72.0,,
Jacob Ramsey,Aston Villa,41,11,1,1.19,0.11,2,1.54,0.14,0.25,49.6,158.0,170.0,165.2,,
Amadou Onana,Aston Villa,41,14,2,1.85,0.15,0,0.25,0.02,0.17,51.8,180.0,107.2,229.2,,
Yves Bissouma,Spurs,41,12,2,0.44,0.04,0,0.42,0.04,0.08,37.7,44.0,107.0,223.8,,
Toti António Gomes,Wolves,41,16,0,0.03,0.0,1,0.37,0.02,0.02,38.1,25.0,57.6,298.4,,
Ross Barkley,Aston Villa,40,3,3,1.68,0.28,1,0.41,0.07,0.35,50.3,185.0,115.5,203.4,,
Ilkay Gündogan,Man City,40,15,0,1.59,0.11,1,2.85,0.19,0.3,78.5,164.0,440.3,181.6,,2.0
Cameron Archer,Southampton,40,10,2,4.42,0.38,0,0.53,0.05,0.43,42.7,274.0,58.2,95.6,2.0,
Kyle Walker-Peters,Southampton,40,22,0,0.49,0.02,2,2.03,0.09,0.11,84.4,180.0,309.6,357.4,,
Mikel Merino,Arsenal,39,8,2,2.24,0.27,1,0.7,0.08,0.35,56.1,225.0,133.3,203.6,,
Pervis Estupiñán,Brighton,39,15,0,0.5,0.03,1,1.65,0.1,0.13,77.0,90.0,384.1,294.2,,2.0
Orel Mangala,Everton,39,14,1,1.13,0.08,0,0.59,0.04,0.12,41.4,106.0,133.5,172.8,,
Mads Hermansen,Leicester,39,17,0,0.0,0.0,0,0.01,0.0,0.0,53.9,0.0,0.2,538.6,,
Matheus Luiz Nunes,Man City,39,10,0,0.53,0.05,4,2.11,0.21,0.26,63.6,122.0,294.6,218.6,,
Taylor Harwood-Bellis,Southampton,39,22,1,1.55,0.07,0,0.5,0.02,0.09,84.6,173.0,167.3,503.4,,
Matty Cash,Aston Villa,38,15,1,0.22,0.02,1,0.96,0.07,0.09,45.2,98.0,120.0,233.4,,
Lewis Dunk,Brighton,38,17,0,0.69,0.04,1,0.64,0.04,0.08,51.2,79.0,100.8,332.2,,4.0
Christopher Nkunku,Chelsea,38,3,2,4.24,0.86,1,0.39,0.08,0.94,44.2,186.0,119.3,139.6,2.0,
Bobby De Cordova-Reid,Leicester,38,4,1,0.72,0.15,4,0.12,0.02,0.17,22.2,56.0,76.8,88.0,,
Saša Lukić,Fulham,37,18,0,0.69,0.04,2,0.84,0.05,0.09,49.9,39.0,234.7,225.2,3.0,
Kenny Tete,Fulham,37,15,0,1.02,0.07,2,0.44,0.03,0.1,49.4,115.0,120.9,258.8,,
Wilfred Ndidi,Leicester,37,15,0,1.53,0.11,4,1.13,0.08,0.19,66.8,187.0,155.6,326.6,,
Harry Winks,Leicester,37,17,0,0.21,0.01,2,1.5,0.09,0.1,57.3,30.0,289.2,252.4,,
Caoimhin Kelleher,Liverpool,37,8,0,0.0,0.0,0,0.0,0.0,0.0,19.7,0.0,0.0,196.8,,
Destiny Udogie,Spurs,37,18,0,0.31,0.02,1,1.1,0.07,0.09,57.7,116.0,211.3,248.6,,
Guglielmo Vicario,Spurs,37,12,0,0.0,0.0,0,0.0,0.0,0.0,25.9,0.0,0.0,260.4,,
David Brooks,Bournemouth,36,6,2,1.63,0.26,1,1.4,0.22,0.48,52.7,202.0,186.3,145.6,,
Mads Roerslev Rasmussen,Brentford,36,11,0,0.2,0.02,2,2.09,0.17,0.19,48.0,78.0,185.8,214.4,,
Sepp van den Berg,Brentford,36,19,0,0.8,0.04,1,0.44,0.02,0.06,59.8,136.0,76.4,384.4,,
Yasin Ayari,Brighton,36,14,0,1.45,0.1,0,1.29,0.09,0.19,67.3,161.0,318.9,193.6,,
Sugawara Yukinari,Southampton,36,13,1,0.37,0.03,1,1.81,0.14,0.17,57.5,79.0,250.6,246.6,,2.0
Łukasz Fabiański,West Ham,36,12,0,0.0,0.0,0,0.0,0.0,0.0,36.1,0.0,0.3,362.2,,
Simon Adingra,Brighton,35,6,2,1.43,0.22,1,1.43,0.22,0.44,40.4,157.0,110.2,137.6,,
Jack Harrison,Everton,35,12,0,2.24,0.2,1,1.36,0.12,0.32,46.4,153.0,205.0,113.2,,
João Pedro Ferreira Silva,Nott'm Forest,35,4,1,1.01,0.13,2,1.81,0.23,0.36,46.8,153.0,169.5,144.2,,
Cristian Romero,Spurs,35,12,1,1.03,0.1,0,0.74,0.07,0.17,48.7,140.0,95.1,249.6,,
Riccardo Calafiori,Arsenal,34,8,2,0.67,0.08,1,0.56,0.07,0.15,46.0,142.0,85.2,233.0,,
Adam Smith,Bournemouth,34,12,0,0.6,0.05,0,0.1,0.01,0.06,18.6,8.0,62.2,116.2,,
Chris Richards,Crystal Palace,34,11,0,0.23,0.02,0,0.08,0.01,0.03,31.4,63.0,29.6,219.6,,
Norberto Bercique Gomes Betuncal,Everton,34,2,3,2.32,0.53,0,0.01,0.0,0.53,31.6,185.0,11.0,125.2,,
Rúben Gato Alves Dias,Man City,34,13,0,1.12,0.09,0,0.75,0.06,0.15,45.0,76.0,122.7,250.0,,
Carlos Soler,West Ham,34,11,1,1.21,0.11,1,1.19,0.11,0.22,44.0,127.0,195.6,119.0,,4.0
Ethan Pinnock,Brentford,33,16,2,0.87,0.05,0,0.63,0.04,0.09,72.3,185.0,97.7,438.6,,
Michael Keane,Everton,33,9,2,0.43,0.05,0,0.02,0.0,0.05,33.0,84.0,22.9,221.6,,
Sander Berge,Fulham,33,13,0,0.08,0.01,0,0.35,0.03,0.04,43.5,19.0,196.4,221.2,,
Conor Chaplin,Ipswich,33,7,1,1.18,0.18,2,0.54,0.08,0.26,29.7,86.0,120.4,95.6,,
Timo Werner,Spurs,33,4,0,1.04,0.19,3,1.54,0.28,0.47,37.0,113.0,147.5,114.4,,
Crysencio Summerville,West Ham,33,7,1,1.61,0.19,1,1.71,0.2,0.39,58.7,186.0,246.1,156.4,,
Hwang Hee-chan,Wolves,33,5,2,0.79,0.12,1,0.35,0.05,0.17,25.6,78.0,69.7,109.6,1.0,
André Trindade da Costa Neto,Wolves,33,17,0,0.07,0.0,0,0.22,0.02,0.02,35.9,12.0,125.1,223.4,,
Pau Torres,Aston Villa,32,18,0,0.51,0.03,0,0.34,0.02,0.05,41.2,94.0,55.5,261.2,,
Tyler Adams,Bournemouth,32,9,0,0.79,0.08,3,0.22,0.02,0.1,37.2,41.0,108.9,221.0,,
Enes Ünal,Bournemouth,32,2,2,2.73,0.74,1,0.26,0.07,0.81,35.9,207.0,56.1,104.0,,4.0
Malo Gusto,Chelsea,32,14,0,1.23,0.09,1,1.18,0.08,0.17,59.5,111.0,249.4,232.4,,
Tosin Adarabioyo,Chelsea,32,9,1,0.81,0.09,0,0.11,0.01,0.1,30.2,70.0,23.0,207.2,,
Jesper Lindstrøm,Everton,32,10,0,2.02,0.21,0,1.61,0.17,0.38,61.8,198.0,262.2,157.2,,1.0
Joachim Andersen,Fulham,32,16,0,0.36,0.02,0,0.3,0.02,0.04,43.3,72.0,58.9,300.4,,
Carlos Henrique Casimiro,Man Utd,32,10,1,1.05,0.11,0,1.54,0.17,0.28,63.6,150.0,236.7,249.2,,
Kobbie Mainoo,Man Utd,32,15,0,0.6,0.04,0,1.22,0.09,0.13,46.9,99.0,211.9,154.8,,
Felipe Rodrigues da Silva,Nott'm Forest,32,3,0,0.1,0.02,0,0.01,0.0,0.02,15.0,5.0,4.1,140.2,,
Flynn Downes,Southampton,32,17,1,0.62,0.04,0,1.14,0.07,0.11,53.9,109.0,228.7,199.4,,
Rodrigo Bentancur,Spurs,32,11,2,0.87,0.09,0,0.67,0.07,0.16,40.6,92.0,118.4,194.4,,
Jefferson Lerma Solís,Crystal Palace,31,15,0,0.78,0.05,0,1.28,0.09,0.14,46.8,152.0,110.4,203.4,,
David Moyes,Everton,31,0,0,0.0,0.0,0,0.0,0.0,0.0,0.0,0.0,0.0,0.0,,
Álex Moreno Lopera,Nott'm Forest,31,10,0,0.17,0.02,1,0.82,0.09,0.11,27.6,27.0,83.8,165.8,,
Danny Ings,West Ham,31,1,1,2.21,0.75,3,0.06,0.02,0.77,33.1,157.0,75.7,96.8,,
Santiago Bueno,Wolves,31,15,0,0.45,0.03,0,0.08,0.01,0.04,34.2,80.0,9.3,253.2,,
Ethan Nwaneri,Arsenal,30,3,3,0.56,0.18,0,0.43,0.14,0.32,29.9,80.0,82.3,136.8,,
Wes Burns,Ipswich,30,12,0,0.5,0.05,1,1.17,0.11,0.16,31.8,66.0,148.5,111.6,,
Jens Cajuste,Ipswich,30,14,0,0.17,0.01,0,0.28,0.02,0.03,24.0,19.0,113.6,110.4,,
Wout Faes,Leicester,30,17,1,1.14,0.06,0,0.35,0.02,0.08,55.3,91.0,50.6,411.2,,
Konstantinos Mavropanos,West Ham,30,15,0,0.96,0.06,0,0.37,0.02,0.08,52.9,126.0,59.8,342.2,,
Jack Hinshelwood,Brighton,29,11,1,0.79,0.08,0,0.74,0.07,0.15,32.5,83.0,116.9,123.4,,
Timothy Castagne,Fulham,29,9,0,0.12,0.01,1,0.33,0.03,0.04,38.0,72.0,108.3,197.8,,
Jacob Greaves,Ipswich,29,14,1,0.68,0.05,0,0.09,0.01,0.06,48.0,100.0,31.0,347.8,,
Dara O'Shea,Ipswich,29,21,0,0.83,0.04,0,0.17,0.01,0.05,62.9,137.0,15.5,477.0,,
Jack Clarke,Ipswich,29,5,0,0.83,0.13,2,0.71,0.11,0.24,31.4,77.0,130.7,108.2,,
Joe Willock,Newcastle,29,6,0,0.87,0.13,1,0.67,0.1,0.23,38.5,110.0,184.5,93.6,,
Boubacar Kamara,Aston Villa,28,12,0,0.27,0.02,0,0.31,0.03,0.05,34.5,34.0,106.2,203.8,,
Fábio Freitas Gouveia Carvalho,Brentford,28,3,1,2.4,0.51,1,0.52,0.11,0.62,30.0,137.0,61.1,106.8,,
Mats Wieffer,Brighton,28,4,1,0.5,0.1,2,0.18,0.03,0.13,27.8,57.0,80.3,144.0,,
Daichi Kamada,Crystal Palace,28,10,0,0.7,0.07,0,0.83,0.08,0.15,44.8,98.0,211.0,137.2,,
Micky van de Ven,Spurs,28,9,0,0.35,0.04,2,0.69,0.08,0.12,23.8,40.0,36.6,161.0,,
Guido Rodríguez,West Ham,28,14,0,0.22,0.02,0,0.12,0.01,0.03,25.5,23.0,62.1,168.6,,
Rodrigo Martins Gomes,Wolves,28,6,1,0.37,0.06,0,0.64,0.1,0.16,34.6,80.0,138.3,131.6,,
Benjamin White,Arsenal,27,7,0,0.13,0.02,1,0.32,0.04,0.06,21.3,29.0,55.3,128.4,,
Reiss Nelson,Fulham,27,5,1,1.07,0.2,1,0.96,0.18,0.38,55.1,195.0,223.9,131.6,,
Victor Kristiansen,Leicester,27,21,0,0.1,0.0,1,1.49,0.07,0.07,74.2,26.0,305.2,412.0,,
Sean Longstaff,Newcastle,27,8,0,0.6,0.08,1,0.22,0.03,0.11,24.4,76.0,75.5,92.0,,
Nicolás Domínguez,Nott'm Forest,27,12,0,1.22,0.1,0,0.89,0.07,0.17,46.6,131.0,129.5,205.8,,
Archie Gray,Spurs,27,10,0,0.03,0.0,0,0.09,0.01,0.01,19.4,11.0,18.5,164.8,,
Mathias Jensen,Brentford,26,8,0,0.23,0.03,1,1.13,0.15,0.18,32.4,28.0,192.0,101.8,,
Tariq Lamptey,Brighton,26,6,2,0.35,0.06,2,0.37,0.06,0.12,27.2,38.0,77.8,156.6,,
Eddie Nketiah,Crystal Palace,26,6,0,1.77,0.26,2,0.52,0.08,0.34,39.9,214.0,118.8,70.4,,
Issa Diop,Fulham,26,12,0,0.51,0.04,0,0.03,0.0,0.04,31.0,77.0,29.9,206.0,,
Abdul Fatawu,Leicester,26,6,0,0.41,0.06,2,1.42,0.22,0.28,40.1,148.0,104.3,147.6,,
Paul Onuachu,Southampton,26,6,2,1.67,0.28,0,0.14,0.02,0.3,43.2,248.0,74.0,111.6,,
Jack Grealish,Man City,25,6,0,0.78,0.12,1,1.52,0.23,0.35,61.2,203.0,291.8,116.4,,
Stefan Ortega Moreno,Man City,25,9,0,0.0,0.0,0,0.0,0.0,0.0,22.5,0.0,0.0,224.0,,
Kieran Trippier,Newcastle,25,5,0,0.03,0.01,0,0.51,0.09,0.1,21.5,13.0,113.8,87.6,,1.0
Edson Álvarez Velázquez,West Ham,25,14,0,0.31,0.02,1,0.7,0.05,0.07,41.1,41.0,164.1,206.2,,
Matt O'Riley,Brighton,24,5,1,1.15,0.22,1,1.24,0.24,0.46,37.5,113.0,156.5,105.4,,
João Félix Sequeira,Chelsea,24,3,1,2.3,0.57,2,0.45,0.11,0.68,32.3,141.0,95.4,88.0,,
Konstantinos Tsimikas,Liverpool,24,3,0,0.08,0.02,1,1.04,0.28,0.3,23.6,23.0,106.9,103.8,,
Nathan Aké,Man City,24,7,0,0.22,0.03,0,0.15,0.02,0.05,13.1,18.0,20.9,91.4,,
Christian Eriksen,Man Utd,24,7,0,0.12,0.02,1,1.56,0.22,0.24,40.2,24.0,264.9,112.6,,4.0
Harry Maguire,Man Utd,24,12,0,0.61,0.05,0,0.2,0.02,0.07,36.3,76.0,66.1,219.0,,
Taiwo Awoniyi,Nott'm Forest,24,2,1,2.04,0.75,0,0.11,0.04,0.79,19.8,113.0,36.0,56.0,,
Radu Drăgușin,Spurs,24,14,0,0.13,0.01,0,0.16,0.01,0.02,36.2,47.0,58.1,256.4,,
Alphonse Areola,West Ham,24,12,0,0.0,0.0,0,0.0,0.0,0.0,30.2,0.0,0.0,301.2,,
Jean-Clair Todibo,West Ham,24,8,0,0.1,0.01,0,0.02,0.0,0.01,23.5,16.0,25.2,194.0,,
Tommy Doyle,Wolves,23,3,0,0.48,0.1,1,0.34,0.07,0.17,23.3,28.0,99.2,103.6,,
Axel Disasi,Aston Villa,22,4,1,0.29,0.07,0,0.09,0.02,0.09,15.7,36.0,34.1,86.4,,
Yehor Yarmoliuk,Brentford,22,6,0,0.54,0.08,0,0.35,0.05,0.13,26.8,46.0,89.8,133.0,,
Jack Taylor,Ipswich,22,1,1,0.55,0.12,0,0.71,0.16,0.28,24.4,65.0,82.7,96.6,,
Boubakary Soumaré,Leicester,22,13,0,0.21,0.02,0,0.62,0.05,0.07,34.9,28.0,157.8,162.2,,
John Stones,Man City,22,5,2,0.6,0.12,0,0.17,0.03,0.15,25.3,70.0,47.8,136.2,,
Djed Spence,Spurs,22,7,0,0.15,0.02,1,0.61,0.08,0.1,31.2,28.0,106.9,177.0,,
Niclas Füllkrug,West Ham,22,3,2,1.38,0.34,1,0.29,0.07,0.41,29.4,113.0,84.8,99.0,,
Diego Carlos Santos Silva,Aston Villa,21,8,0,0.64,0.07,0,0.08,0.01,0.08,21.5,54.0,9.2,150.6,,
Marcos Senesi,Bournemouth,21,11,0,0.81,0.08,0,0.44,0.04,0.12,33.1,29.0,78.7,221.0,,
George Hirst,Ipswich,21,1,1,0.97,0.42,1,0.1,0.04,0.46,19.0,87.0,37.9,63.4,1.0,
Manuel Ugarte,Man Utd,21,13,0,0.36,0.03,0,0.46,0.04,0.07,32.4,41.0,114.9,170.0,,
Pablo Sarabia,Wolves,21,5,1,2.3,0.49,1,0.82,0.17,0.66,31.9,122.0,96.4,99.6,2.0,2.0
Mikel Arteta,Arsenal,20,0,0,0.0,0.0,0,0.0,0.0,0.0,0.0,0.0,0.0,0.0,,
Reece James,Chelsea,20,6,1,0.16,0.03,1,0.53,0.1,0.13,25.1,16.0,109.7,125.0,,2.0
Tom Cairney,Fulham,20,2,1,0.15,0.04,0,0.92,0.22,0.26,27.6,34.0,145.6,96.2,,
Kalvin Phillips,Ipswich,20,10,0,0.33,0.03,0,0.26,0.03,0.06,21.7,27.0,65.9,125.4,,2.0
Arne Slot,Liverpool,20,0,0,0.0,0.0,0,0.0,0.0,0.0,0.0,0.0,0.0,0.0,,
Ramón Sosa,Nott'm Forest,20,1,1,1.04,0.41,0,0.3,0.12,0.53,25.8,94.0,88.0,77.2,,
Lesley Ugochukwu,Southampton,20,7,0,0.33,0.04,1,0.2,0.02,0.06,23.9,25.0,85.8,128.4,,
Lucas Bergvall,Spurs,20,5,0,0.24,0.04,0,0.5,0.08,0.12,27.1,23.0,118.4,130.6,,
Richarlison de Andrade,Spurs,20,2,2,1.17,0.38,1,0.58,0.19,0.57,29.0,116.0,54.8,119.8,2.0,
Evan Ferguson,West Ham,20,2,1,0.57,0.22,0,0.4,0.15,0.37,15.0,59.0,36.0,58.6,,5.0
Vítor Manuel de Oliveira Lopes Pereira,Wolves,20,0,0,0.0,0.0,0,0.0,0.0,0.0,0.0,0.0,0.0,0.0,,
Ian Maatsen,Aston Villa,19,3,0,0.17,0.03,1,1.43,0.29,0.32,39.4,92.0,190.6,110.2,,
Luis Sinisterra,Bournemouth,19,1,1,1.09,0.48,1,0.91,0.4,0.88,37.2,177.0,96.3,98.4,,
Mark Travers,Bournemouth,19,5,0,0.0,0.0,0,0.01,0.0,0.0,14.6,0.0,0.0,146.4,,
Ferdi Kadioglu,Brighton,19,5,1,0.44,0.1,0,0.31,0.07,0.17,24.0,40.0,83.7,116.4,,
Wesley Fofana,Chelsea,19,12,0,0.4,0.04,0,0.15,0.01,0.05,28.7,29.0,70.0,187.2,,
Cheick Doucouré,Crystal Palace,19,4,0,0.4,0.08,1,0.11,0.02,0.1,10.8,23.0,25.7,58.6,,
Justin Devenny,Crystal Palace,19,2,1,0.46,0.16,0,0.31,0.11,0.27,19.1,36.0,71.6,81.4,,2.0
Julio Enciso,Ipswich,19,3,0,1.47,0.34,1,0.53,0.12,0.46,37.3,190.0,107.4,77.4,,3.0
Patson Daka,Leicester,19,1,1,0.5,0.15,0,0.03,0.01,0.16,14.9,75.0,13.8,63.8,3.0,
Fraser Forster,Spurs,19,7,0,0.0,0.0,0,0.0,0.0,0.0,22.2,0.0,0.0,221.0,,
Marco Alexandre Saraiva da Silva,Fulham,18,0,0,0.0,0.0,0,0.0,0.0,0.0,0.0,0.0,0.0,0.0,,
Kasey McAteer,Leicester,18,4,0,0.55,0.13,1,0.22,0.05,0.18,20.2,69.0,70.0,65.4,,
Caleb Okoli,Leicester,18,9,0,0.14,0.02,0,0.1,0.01,0.03,28.5,36.0,10.7,238.0,,
Oliver Skipp,Leicester,18,7,0,0.13,0.02,0,0.28,0.03,0.05,23.1,24.0,119.8,86.2,,
Ben Davies,Spurs,18,6,0,0.07,0.01,0,0.17,0.03,0.04,16.4,8.0,9.3,145.4,,
Vladimír Coufal,West Ham,18,8,0,0.27,0.03,0,0.8,0.1,0.13,28.7,35.0,104.5,151.0,,
Oleksandr Zinchenko,Arsenal,17,2,0,0.06,0.02,0,0.08,0.03,0.05,7.2,23.0,26.5,22.2,,
Myles Lewis-Skelly,Arsenal,17,7,1,0.04,0.01,0,0.21,0.03,0.04,19.9,29.0,67.1,103.6,,
Igor Julio dos Santos de Paulo,Brighton,17,9,0,0.05,0.0,0,0.23,0.02,0.02,22.7,4.0,40.5,182.2,,
Axel Tuanzebe,Ipswich,17,11,0,0.18,0.02,0,0.08,0.01,0.03,23.7,19.0,52.4,165.0,,
Craig Dawson,Wolves,17,10,0,0.5,0.05,1,0.07,0.01,0.06,29.1,55.0,31.3,204.2,,
Tyrone Mings,Aston Villa,16,5,0,0.21,0.04,0,0.06,0.01,0.05,15.1,20.0,26.7,104.2,,
Nathaniel Clyne,Crystal Palace,16,4,0,0.01,0.0,0,0.13,0.03,0.03,9.7,5.0,36.6,56.8,,
Adam Wharton,Crystal Palace,16,8,0,0.22,0.03,0,0.6,0.09,0.12,30.4,53.0,131.4,119.8,,
Kamaldeen Sulemana,Southampton,16,3,0,0.38,0.11,1,0.17,0.05,0.16,13.7,72.0,31.3,35.6,,
Adam Lallana,Southampton,16,5,0,0.15,0.04,2,0.48,0.13,0.17,18.1,21.0,82.2,78.0,,
Roméo Lavia,Chelsea,15,8,0,0.18,0.03,1,0.3,0.05,0.08,19.6,5.0,99.8,90.4,,
Jake O'Brien,Everton,15,3,0,0.0,0.0,0,0.05,0.01,0.01,8.4,4.0,18.4,61.8,,
Nuno Herlander Simões Espírito Santo,Nott'm Forest,15,0,0,0.0,0.0,0,0.0,0.0,0.0,0.0,0.0,0.0,0.0,,
Ryan Manning,Southampton,15,10,0,0.14,0.02,1,1.59,0.19,0.21,44.3,47.0,240.8,156.8,,
James Ward-Prowse,West Ham,15,5,0,0.06,0.01,1,0.79,0.17,0.18,14.8,11.0,71.5,65.0,,1.0
Brajan Gruda,Brighton,14,5,0,0.27,0.07,0,0.5,0.12,0.19,27.6,90.0,128.7,57.8,,
James Garner,Everton,14,3,0,0.09,0.02,1,0.59,0.15,0.17,18.6,26.0,71.8,89.6,,2.0
Cameron Burgess,Ipswich,14,10,0,0.72,0.07,1,0.23,0.02,0.09,35.8,78.0,42.3,237.2,,
Ben Johnson,Ipswich,14,8,0,0.4,0.04,1,0.39,0.04,0.08,29.4,40.0,87.9,166.8,,
Christian Walton,Ipswich,14,6,0,0.0,0.0,0,0.0,0.0,0.0,14.9,0.0,10.0,139.4,,
Joe Gomez,Liverpool,14,6,0,0.33,0.06,0,0.09,0.02,0.08,22.8,58.0,38.5,130.4,,
Jonny Evans,Man Utd,14,3,0,0.08,0.02,0,0.02,0.01,0.03,6.1,6.0,4.1,51.0,,
James Bree,Southampton,14,8,0,0.09,0.01,1,0.52,0.07,0.08,32.7,39.0,139.6,149.8,,
Mikey Moore,Spurs,14,2,0,0.2,0.1,2,0.55,0.28,0.38,9.4,30.0,42.7,23.4,,
Jorge Luiz Frello Filho,Arsenal,13,6,0,0.04,0.01,0,0.47,0.09,0.1,10.4,3.0,64.7,35.8,,
Jakub Kiwior,Arsenal,13,2,0,0.0,0.0,0,0.03,0.01,0.01,6.3,0.0,13.7,49.2,,
James Hill,Bournemouth,13,3,0,0.01,0.01,1,0.19,0.1,0.11,6.2,1.0,23.7,36.8,,
Andoni Iraola,Bournemouth,13,0,0,0.0,0.0,0,0.0,0.0,0.0,0.0,0.0,0.0,0.0,,
Nathan Broadhead,Ipswich,13,4,0,1.01,0.24,0,0.9,0.22,0.46,22.4,95.0,70.8,58.6,3.0,1.0
Luke Woolfenden,Ipswich,13,8,0,0.03,0.0,0,0.02,0.0,0.0,15.9,6.0,4.4,147.4,,
Jaden Philogene,Ipswich,13,3,0,0.46,0.09,0,0.21,0.04,0.13,10.6,53.0,30.6,30.4,,
Conor Bradley,Liverpool,13,1,0,0.49,0.17,0,0.21,0.07,0.24,16.1,100.0,15.4,45.8,,
Kyle Walker,Man City,13,9,0,0.12,0.01,0,1.34,0.12,0.13,33.5,29.0,147.7,157.4,,
Nathan Wood-Gordon,Southampton,13,6,0,0.23,0.04,0,0.04,0.01,0.05,12.8,14.0,18.9,93.6,,
Ben Brereton Díaz,Southampton,13,4,0,0.9,0.18,0,0.15,0.03,0.21,16.8,81.0,63.6,21.8,,
Raheem Sterling,Arsenal,12,3,0,0.88,0.37,1,0.15,0.06,0.43,16.0,79.0,47.4,35.8,,3.0
Jeffrey Schlupp,Crystal Palace,12,0,0,0.17,0.16,0,0.14,0.13,0.29,11.0,46.0,42.9,22.8,,
Harvey Elliott,Liverpool,12,0,0,0.07,0.08,1,0.35,0.42,0.5,10.6,14.0,59.4,31.8,,
James McAtee,Man City,12,0,1,0.79,0.85,0,0.03,0.03,0.88,8.4,35.0,15.2,35.0,,
Lloyd Kelly,Newcastle,12,4,0,0.41,0.12,1,0.11,0.03,0.15,12.6,20.0,29.0,80.6,,
Alex McCarthy,Southampton,12,5,0,0.0,0.0,0,0.0,0.0,0.0,16.7,0.0,0.0,166.4,,
Antonín Kinsky,Spurs,12,4,0,0.0,0.0,0,0.01,0.0,0.0,11.2,0.0,10.1,102.6,,
Sam Johnstone,Wolves,12,7,0,0.0,0.0,0,0.0,0.0,0.0,20.4,0.0,10.0,193.8,,
Emiliano Buendía Stati,Aston Villa,11,0,0,0.65,0.66,0,0.03,0.03,0.69,5.2,16.0,23.2,16.4,,3.0
Alex Scott,Bournemouth,11,2,0,0.12,0.04,0,0.17,0.06,0.1,15.8,21.0,65.5,71.0,,
Kristoffer Ajer,Brentford,11,10,0,0.57,0.06,0,0.32,0.04,0.1,26.8,95.0,69.6,103.2,,
Kiernan Dewsbury-Hall,Chelsea,11,1,0,0.22,0.15,1,0.19,0.13,0.28,8.1,19.0,29.1,32.8,,
Oliver Glasner,Crystal Palace,11,0,0,0.0,0.0,0,0.0,0.0,0.0,0.0,0.0,0.0,0.0,,
Jannik Vestergaard,Leicester,11,15,0,0.04,0.0,0,0.08,0.01,0.01,35.9,36.0,35.4,285.0,,
Jack Stephens,Southampton,11,10,0,0.28,0.03,0,0.2,0.02,0.05,19.6,17.0,51.6,127.4,,
Ange Postecoglou,Spurs,11,0,0,0.0,0.0,0,0.0,0.0,0.0,0.0,0.0,0.0,0.0,,
Philip Billing,Bournemouth,10,1,0,0.55,0.28,0,0.97,0.5,0.78,20.4,47.0,102.4,54.0,,3.0
Jakub Stolarczyk,Leicester,10,6,0,0.0,0.0,0,0.0,0.0,0.0,14.1,0.0,0.0,140.8,,
Endo Wataru,Liverpool,10,0,0,0.0,0.0,0,0.04,0.04,0.04,3.6,4.0,16.4,16.2,,
Pep Guardiola,Man City,10,0,0,0.0,0.0,0,0.0,0.0,0.0,0.0,0.0,0.0,0.0,,
Leny Yoro,Man Utd,10,5,0,0.7,0.12,0,0.03,0.0,0.12,15.3,46.0,10.0,96.4,,
Miguel Almirón Rejala,Newcastle,10,1,0,0.52,0.31,0,0.19,0.11,0.42,11.3,57.0,40.9,15.2,,
Emil Krafth,Newcastle,10,2,0,0.04,0.02,0,0.03,0.01,0.03,6.6,11.0,10.9,44.2,,
Eddie Howe,Newcastle,10,0,0,0.0,0.0,0,0.0,0.0,0.0,0.0,0.0,0.0,0.0,,
Will Smallbone,Southampton,10,3,0,0.31,0.09,0,0.54,0.15,0.24,11.9,32.0,59.2,28.6,,1.0
Graham Potter,West Ham,10,0,0,0.0,0.0,0,0.0,0.0,0.0,0.0,0.0,0.0,0.0,,
Jason Steele,Brighton,9,2,0,0.0,0.0,0,0.0,0.0,0.0,4.1,0.0,0.0,40.4,,
Adam Webster,Brighton,9,3,0,0.02,0.01,0,0.07,0.04,0.05,7.0,21.0,4.7,45.2,,
Enzo Maresca,Chelsea,9,0,0,0.0,0.0,0,0.0,0.0,0.0,0.0,0.0,0.0,0.0,,
Tim Iroegbunam,Everton,9,4,0,0.21,0.05,0,0.08,0.02,0.07,11.5,29.0,27.4,57.6,,
Ruben Filipe Marques Diogo Amorim,Man Utd,9,0,0,0.0,0.0,0,0.0,0.0,0.0,0.0,0.0,0.0,0.0,,
William Osula,Newcastle,9,0,0,0.0,0.0,0,0.02,0.04,0.04,2.0,4.0,10.4,5.2,,
Ivan Juric,Southampton,9,0,0,0.0,0.0,0,0.0,0.0,0.0,0.0,0.0,0.0,0.0,,
Aaron Cresswell,West Ham,9,3,0,0.1,0.03,0,0.5,0.16,0.19,12.4,5.0,78.8,40.4,,2.0
Emmanuel Agbadou,Wolves,9,4,0,0.02,0.0,0,0.02,0.0,0.0,10.0,1.0,3.6,95.0,,
Max Aarons,Bournemouth,8,1,0,0.0,0.0,0,0.01,0.01,0.01,1.7,0.0,3.2,13.2,,
Julián Araujo Zúñiga,Bournemouth,8,5,0,0.0,0.0,0,0.04,0.01,0.01,5.1,2.0,7.9,40.0,,
Ben Mee,Brentford,8,2,0,0.0,0.0,0,0.02,0.01,0.01,4.6,6.0,3.0,36.8,,
Thomas Frank,Brentford,8,0,0,0.0,0.0,0,0.0,0.0,0.0,0.0,0.0,0.0,0.0,,
Filip Jørgensen,Chelsea,8,3,0,0.0,0.0,0,0.0,0.0,0.0,8.9,0.0,0.0,88.4,,
Romain Esse,Crystal Palace,8,0,1,0.32,4.11,0,0.0,0.0,4.11,7.1,35.0,0.3,35.2,,
Ali Al-Hamadi,Ipswich,8,0,0,0.35,0.25,0,0.04,0.03,0.28,6.0,32.0,25.7,5.6,2.0,
Massimo Luongo,Ipswich,8,2,0,0.0,0.0,0,0.01,0.01,0.01,4.0,2.0,5.6,31.2,,
Conor Coady,Leicester,8,8,0,0.0,0.0,0,0.45,0.06,0.06,17.8,6.0,23.8,148.0,,
Ruud van Nistelrooij,Leicester,8,0,0,0.0,0.0,0,0.0,0.0,0.0,0.0,0.0,0.0,0.0,,
Antony Matheus dos Santos,Man Utd,8,0,0,0.6,0.4,0,0.21,0.14,0.54,15.8,74.0,50.7,35.0,,
Mason Mount,Man Utd,8,4,0,0.4,0.15,0,0.08,0.03,0.18,11.8,43.0,55.2,20.8,,
Ibrahim Sangaré,Nott'm Forest,8,3,0,0.02,0.01,1,0.06,0.02,0.03,10.1,21.0,26.6,54.0,,
Joe Lumley,Southampton,8,3,0,0.0,0.0,0,0.0,0.0,0.0,10.2,0.0,0.0,102.2,,
Andy Irving,West Ham,8,1,0,0.12,0.07,0,0.12,0.07,0.14,8.2,19.0,26.1,37.2,,
Carlos Roberto Forbs Borges,Wolves,8,1,0,0.15,0.06,0,0.1,0.04,0.1,8.3,35.0,24.1,25.8,,
Norberto Murara Neto,Arsenal,7,2,0,0.0,0.0,0,0.0,0.0,0.0,7.8,0.0,0.0,77.8,,
Mykhailo Mudryk,Chelsea,7,1,0,0.24,0.15,0,0.66,0.41,0.56,8.5,31.0,31.5,23.2,,
Renato Palma Veiga,Chelsea,7,1,0,0.16,0.08,0,0.15,0.08,0.16,5.9,19.0,9.2,30.4,,
Nathan Patterson,Everton,7,0,0,0.07,0.05,0,0.3,0.22,0.27,7.3,8.0,36.9,28.0,,
Josh King,Fulham,7,1,0,0.2,0.23,0,0.65,0.75,0.98,8.4,24.0,37.3,21.4,,
Chiedozie Ogbene,Ipswich,7,3,0,0.0,0.0,0,0.05,0.02,0.02,6.4,12.0,30.2,22.8,,
Odsonne Edouard,Leicester,7,1,0,0.39,0.25,0,0.07,0.04,0.29,8.0,50.0,25.0,5.0,,
Sven Botman,Newcastle,7,3,0,0.03,0.01,0,0.02,0.01,0.02,5.8,13.0,2.6,41.8,,
Ryan Fraser,Southampton,7,4,0,0.02,0.01,0,0.1,0.03,0.04,6.7,13.0,26.8,35.8,,
Harrison Reed,Fulham,6,0,0,0.01,0.02,0,0.09,0.15,0.17,3.7,9.0,18.4,9.2,,
Wilson Odobert,Spurs,6,2,0,0.42,0.24,0,0.08,0.04,0.28,9.2,42.0,40.5,10.0,,
Luis Guilherme Lira dos Santos,West Ham,6,0,0,0.03,0.06,0,0.12,0.22,0.28,5.2,4.0,34.6,14.0,,
Ollie Scarles,West Ham,6,0,0,0.0,0.0,0,0.01,0.01,0.01,3.0,4.0,3.2,22.6,,
Kosta Nedeljković,Aston Villa,5,0,0,0.0,0.0,0,0.02,0.01,0.01,3.0,0.0,7.2,22.8,,
Daniel Jebbison,Bournemouth,5,0,0,0.21,0.36,0,0.12,0.2,0.56,8.1,32.0,33.9,14.6,,
Yunus Emre Konak,Brentford,5,0,0,0.15,0.71,0,0.0,0.0,0.71,0.4,3.0,1.6,1.4,,
Igor Thiago Nascimento Rodrigues,Brentford,5,1,0,0.1,0.07,0,0.02,0.01,0.08,4.2,6.0,27.9,10.8,,
Paris Maghoma,Brentford,5,0,0,0.0,0.0,0,0.03,0.04,0.04,2.3,4.0,4.2,15.4,,
James Milner,Brighton,5,3,0,0.16,0.09,0,0.15,0.08,0.17,10.7,12.0,66.3,28.6,,
Benoît Badiashile,Chelsea,5,2,0,0.0,0.0,0,0.06,0.02,0.02,5.7,0.0,8.8,48.2,,
Armando Broja,Everton,5,2,0,0.11,0.06,0,0.09,0.05,0.11,6.2,29.0,28.3,11.6,,
Lewis Miley,Newcastle,5,0,0,0.0,0.0,0,0.02,0.06,0.06,1.3,0.0,4.4,8.0,,
Willy Boly,Nott'm Forest,5,1,0,0.07,0.05,0,0.0,0.0,0.05,6.0,17.0,0.2,42.8,,
Charlie Taylor,Southampton,5,2,0,0.0,0.0,0,0.1,0.03,0.03,10.2,2.0,26.5,72.6,,
Lamare Bogarde,Aston Villa,4,4,0,0.04,0.01,0,0.12,0.03,0.04,9.8,11.0,31.4,55.6,,
Unai Emery,Aston Villa,4,0,0,0.0,0.0,0,0.0,0.0,0.0,0.0,0.0,0.0,0.0,,
Jakub Moder,Brighton,4,0,0,0.0,0.0,0,0.53,5.3,5.3,5.4,2.0,36.0,15.8,,
Jorge Cuenca Barreno,Fulham,4,1,0,0.0,0.0,0,0.0,0.0,0.0,2.4,0.0,0.0,24.8,,
Hamza Choudhury,Leicester,4,1,0,0.0,0.0,0,0.19,0.13,0.13,7.0,6.0,30.4,33.8,,
Jarell Quansah,Liverpool,4,2,0,0.0,0.0,0,0.13,0.05,0.05,6.9,4.0,4.8,59.6,,
Omar Marmoush,Man City,4,2,0,0.17,0.11,0,0.42,0.26,0.37,8.3,12.0,59.8,11.4,,
Victor Lindelöf,Man Utd,4,0,0,0.0,0.0,0,0.04,0.06,0.06,3.8,4.0,15.5,18.0,,
Toby Collyer,Man Utd,4,0,0,0.0,0.0,0,0.02,0.01,0.01,4.6,2.0,18.0,25.8,,
Danilo dos Santos de Oliveira,Nott'm Forest,4,2,0,0.0,0.0,0,0.0,0.0,0.0,0.7,0.0,0.7,6.2,,
Billy Gilmour,Brighton,3,1,0,0.08,0.07,0,0.04,0.04,0.11,2.5,2.0,11.9,11.4,,
Marc Guiu Paz,Chelsea,3,0,0,0.0,0.0,0,0.02,0.03,0.03,2.2,6.0,11.8,4.4,,
Josh Acheampong,Chelsea,3,2,0,0.22,0.12,0,0.01,0.01,0.13,2.7,13.0,1.5,12.6,,
Séamus Coleman,Everton,3,2,0,0.62,0.28,0,0.01,0.0,0.28,6.2,21.0,1.9,38.0,,
Ryan Sessegnon,Fulham,3,0,0,0.0,0.0,0,0.0,0.0,0.0,0.3,0.0,0.0,3.0,,
Federico Chiesa,Liverpool,3,0,0,0.16,0.58,0,0.09,0.32,0.9,1.7,15.0,1.8,0.8,,
Callum Wilson,Newcastle,3,0,0,0.0,0.0,0,0.0,0.0,0.0,1.1,8.0,1.7,2.0,1.0,
Harry Toffolo,Nott'm Forest,3,0,0,0.02,0.04,0,0.01,0.02,0.06,2.8,6.0,3.3,18.2,,
Ross Stewart,Southampton,3,1,0,0.17,0.12,0,0.02,0.01,0.13,2.1,9.0,6.7,5.8,,
Will Lankshear,Spurs,3,0,0,0.0,0.0,0,0.0,0.0,0.0,0.0,0.0,0.0,0.0,,
Yerson Mosquera,Wolves,3,5,0,0.33,0.07,0,0.03,0.01,0.08,16.0,21.0,27.3,110.2,,
Kieran Tierney,Arsenal,2,0,0,0.0,0.0,0,0.23,1.29,1.29,1.6,2.0,11.0,2.2,,
Donyell Malen,Aston Villa,2,0,0,0.23,0.3,0,0.01,0.01,0.31,5.3,37.0,3.0,12.4,,
Ben Winterburn,Bournemouth,2,0,0,0.0,0.0,0,0.0,0.0,0.0,0.0,0.0,0.0,0.2,,
Kim Ji-soo,Brentford,2,0,0,0.0,0.0,0,0.0,0.0,0.0,0.6,0.0,0.8,4.8,,
Frank Onyeka,Brentford,2,0,0,0.0,0.0,0,0.02,0.08,0.08,0.0,0.0,0.5,0.0,,
Hákon Valdimarsson,Brentford,2,1,0,0.0,0.0,0,0.0,0.0,0.0,2.1,0.0,0.1,21.4,,
Diego Gómez,Brighton,2,0,0,0.0,0.0,0,0.02,0.04,0.04,1.1,0.0,3.9,7.6,,
Asher Agbinone,Crystal Palace,2,0,0,0.02,0.45,0,0.01,0.22,0.67,1.5,1.0,10.6,4.0,,
Caleb Kporha,Crystal Palace,2,0,0,0.0,0.0,0,0.02,0.16,0.16,1.3,0.0,4.6,8.0,,
Harrison Armstrong,Everton,2,0,0,0.37,0.71,0,0.0,0.0,0.71,2.2,9.0,10.9,1.8,,
Marcus Myers-Harness,Ipswich,2,0,0,0.0,0.0,0,0.05,0.1,0.1,1.7,6.0,1.9,9.4,,
Conor Townsend,Ipswich,2,0,0,0.0,0.0,0,0.07,0.14,0.14,4.3,2.0,25.1,15.4,,
Kieran McKenna,Ipswich,2,0,0,0.0,0.0,0,0.0,0.0,0.0,0.0,0.0,0.0,0.0,,
Ricardo Barbosa Pereira,Leicester,2,2,0,0.0,0.0,0,0.03,0.02,0.02,2.2,2.0,5.7,13.8,,
Danny Ward,Leicester,2,1,0,0.0,0.0,0,0.0,0.0,0.0,3.6,0.0,0.0,35.4,,
Woyo Coulibaly,Leicester,2,0,0,0.0,0.0,0,0.0,0.0,0.0,0.6,0.0,0.3,5.4,,
Rodrigo 'Rodri' Hernandez,Man City,2,1,0,0.0,0.0,0,0.09,0.12,0.12,2.8,0.0,17.1,10.8,,
Tyrell Malacia,Man Utd,2,2,0,0.0,0.0,0,0.02,0.02,0.02,1.7,0.0,13.9,5.2,,
Scott McTominay,Man Utd,2,0,0,0.07,0.37,0,0.0,0.0,0.37,0.9,5.0,0.3,3.2,,
Luke Shaw,Man Utd,2,0,0,0.0,0.0,0,0.01,0.01,0.01,2.0,0.0,2.6,16.6,,
Eric da Silva Moreira,Nott'm Forest,2,0,0,0.0,0.0,0,0.0,0.0,0.0,0.6,0.0,0.3,5.2,,
Albert Grønbæk,Southampton,2,1,0,0.12,0.16,0,0.0,0.0,0.16,2.3,9.0,1.1,12.6,,
Lewis Orford,West Ham,2,0,0,0.03,0.06,0,0.04,0.08,0.14,4.0,6.0,27.7,6.4,,
Daniel Castelo Podence,Wolves,2,0,0,0.04,0.08,0,0.01,0.02,0.1,0.4,1.0,1.1,3.0,,
Tomiyasu Takehiro,Arsenal,1,0,0,0.18,2.7,0,0.0,0.0,2.7,1.0,9.0,0.3,0.4,,
Robin Olsen,Aston Villa,1,0,0,0.0,0.0,0,0.0,0.0,0.0,1.8,0.0,0.0,17.6,,
Andrés García,Aston Villa,1,1,0,0.0,0.0,0,0.01,0.02,0.02,0.3,0.0,2.0,1.4,,
Remy Rees-Dottin,Bournemouth,1,0,0,0.0,0.0,0,0.0,0.0,0.0,0.0,0.0,0.0,0.0,,
Zain Silcott-Duberry,Bournemouth,1,0,0,0.0,0.0,0,0.0,0.0,0.0,0.3,0.0,1.0,2.0,,
Rico Henry,Brentford,1,0,0,0.0,0.0,0,0.0,0.0,0.0,0.1,0.0,0.3,1.0,,
Ryan Trevitt,Brentford,1,0,0,0.0,0.0,0,0.0,0.0,0.0,0.3,0.0,0.1,2.6,,
Jayden Meghoma,Brentford,1,0,0,0.0,0.0,0,0.0,0.0,0.0,0.1,0.0,0.3,0.2,,
Michael Kayode,Brentford,1,0,0,0.0,0.0,0,0.06,0.39,0.39,3.2,2.0,24.3,5.4,,
Solly March,Brighton,1,0,0,0.07,0.27,0,0.02,0.08,0.35,1.6,4.0,5.0,7.4,,
Jeremy Sarmiento Morante,Brighton,1,0,0,0.0,0.0,0,0.0,0.0,0.0,0.1,0.0,0.8,0.2,,
Chadi Riad Dnanou,Crystal Palace,1,1,0,0.0,0.0,0,0.02,0.02,0.02,2.0,0.0,1.3,18.2,,
Mason Holgate,Everton,1,0,0,0.0,0.0,0,0.0,0.0,0.0,0.0,0.0,0.0,0.0,,
Carlos Alcaraz Durán,Everton,1,0,0,0.07,0.7,0,0.03,0.3,1.0,4.3,19.0,15.9,8.4,,
Jay Stansfield,Fulham,1,0,0,0.0,0.0,0,0.0,0.0,0.0,0.0,0.0,0.0,0.0,,
Carlos Vinícius Alves Morais,Fulham,1,0,0,0.06,1.8,0,0.0,0.0,1.8,2.3,19.0,0.0,4.0,,
Martial Godo,Fulham,1,0,0,0.0,0.0,0,0.0,0.0,0.0,0.8,6.0,0.5,1.0,,
Harry Clarke,Ipswich,1,4,0,0.08,0.02,0,0.1,0.02,0.04,10.5,35.0,24.4,48.2,,
George Edmundson,Ipswich,1,0,0,0.0,0.0,0,0.0,0.0,0.0,0.0,0.0,0.0,0.0,,
Luke Thomas,Leicester,1,2,0,0.02,0.01,0,0.05,0.03,0.04,5.3,10.0,15.0,28.0,,
Will Alves,Leicester,1,0,0,0.0,0.0,0,0.0,0.0,0.0,0.0,0.0,0.3,0.0,,
Vítezslav Jaros,Liverpool,1,0,0,0.0,0.0,0,0.0,0.0,0.0,0.9,0.0,0.0,8.8,,
Jayden Danns,Liverpool,1,0,0,0.0,0.0,0,0.01,0.09,0.09,0.0,0.0,0.3,0.0,,
Nico O'Reilly,Man City,1,0,0,0.03,0.15,0,0.0,0.0,0.15,0.7,2.0,0.9,4.4,,
Jahmai Simpson-Pusey,Man City,1,1,0,0.0,0.0,0,0.01,0.01,0.01,2.4,2.0,2.2,19.6,,
Divin Mubama,Man City,1,0,0,0.04,0.13,0,0.0,0.0,0.13,0.5,5.0,0.1,0.2,,
Matt Targett,Newcastle,1,0,0,0.0,0.0,0,0.0,0.0,0.0,0.3,0.0,1.0,2.4,,
Samuel Amo-Ameyaw,Southampton,1,0,0,0.02,0.07,0,0.13,0.45,0.52,2.6,6.0,16.1,4.0,,
Samuel Edozie,Southampton,1,0,0,0.0,0.0,0,0.15,0.21,0.21,5.1,22.0,19.0,9.8,,
Ronnie Edwards,Southampton,1,0,0,0.0,0.0,0,0.0,0.0,0.0,0.5,0.0,0.1,5.0,,
Maxwel Cornet,Southampton,1,1,0,0.16,0.2,0,0.0,0.0,0.2,2.2,7.0,3.5,11.6,,
Welington Damascena Santos,Southampton,1,1,0,0.0,0.0,0,0.13,0.15,0.15,7.0,2.0,39.2,28.6,,
Brandon Austin,Spurs,1,1,0,0.0,0.0,0,0.0,0.0,0.0,2.0,0.0,0.0,20.0,,
Sergio Reguilón,Spurs,1,0,0,0.07,0.05,0,0.24,0.18,0.23,5.2,11.0,20.2,20.8,,
Dane Scarlett,Spurs,1,0,0,0.0,0.0,0,0.0,0.0,0.0,0.1,0.0,1.0,0.0,,
Alfie Dorrington,Spurs,1,0,0,0.0,0.0,0,0.0,0.0,0.0,0.1,0.0,0.2,1.0,,
Kaelan Casey,West Ham,1,0,0,0.0,0.0,0,0.0,0.0,0.0,0.2,0.0,0.0,2.0,,
Francisco Jorge Tomás Oliveira,Wolves,1,0,0,0.0,0.0,0,0.05,0.75,0.75,1.9,2.0,14.3,3.0,,
Alfie Pond,Wolves,1,0,0,0.0,0.0,0,0.0,0.0,0.0,0.0,0.0,0.0,0.0,,
Fábio Ferreira Vieira,Arsenal,0,0,0,0.0,0.0,0,0.0,0.0,0.0,0.0,0.0,0.0,0.0,,
Karl Hein,Arsenal,0,0,0,0.0,0.0,0,0.0,0.0,0.0,0.0,0.0,0.0,0.0,,
Salah-Eddine Oulad M'hand,Arsenal,0,0,0,0.0,0.0,0,0.0,0.0,0.0,0.0,0.0,0.0,0.0,,
Tommy Setford,Arsenal,0,0,0,0.0,0.0,0,0.0,0.0,0.0,0.0,0.0,0.0,0.0,,
Maldini Kacurri,Arsenal,0,0,0,0.0,0.0,0,0.0,0.0,0.0,0.0,0.0,0.0,0.0,,
Ismeal Kabia,Arsenal,0,0,0,0.0,0.0,0,0.0,0.0,0.0,0.0,0.0,0.0,0.0,,
Josh Nichols,Arsenal,0,0,0,0.0,0.0,0,0.0,0.0,0.0,0.0,0.0,0.0,0.0,,
Nathan Butler-Oyedeji,Arsenal,0,0,0,0.0,0.0,0,0.0,0.0,0.0,0.0,0.0,0.0,0.0,,
Jack Porter,Arsenal,0,0,0,0.0,0.0,0,0.0,0.0,0.0,0.0,0.0,0.0,0.0,,
Enzo Barrenechea,Aston Villa,0,0,0,0.0,0.0,0,0.0,0.0,0.0,0.0,0.0,0.0,0.0,,
Leander Dendoncker,Aston Villa,0,0,0,0.0,0.0,0,0.0,0.0,0.0,0.0,0.0,0.0,0.0,,
Moussa Diaby,Aston Villa,0,0,0,0.0,0.0,0,0.0,0.0,0.0,0.0,0.0,0.0,0.0,,
Lewis Dobbin,Aston Villa,0,0,0,0.0,0.0,0,0.0,0.0,0.0,0.0,0.0,0.0,0.0,,
Joe Gauci,Aston Villa,0,0,0,0.0,0.0,0,0.0,0.0,0.0,0.0,0.0,0.0,0.0,,
Kortney Hause,Aston Villa,0,0,0,0.0,0.0,0,0.0,0.0,0.0,0.0,0.0,0.0,0.0,,
Samuel Iling-Junior,Aston Villa,0,0,0,0.0,0.0,0,0.0,0.0,0.0,0.0,0.0,0.0,0.0,,
Kaine Kesler-Hayden,Aston Villa,0,0,0,0.0,0.0,0,0.0,0.0,0.0,0.0,0.0,0.0,0.0,,
Filip Marschall,Aston Villa,0,0,0,0.0,0.0,0,0.0,0.0,0.0,0.0,0.0,0.0,0.0,,
Viljami Sinisalo,Aston Villa,0,0,0,0.0,0.0,0,0.0,0.0,0.0,0.0,0.0,0.0,0.0,,
Lino da Cruz Sousa,Aston Villa,0,0,0,0.0,0.0,0,0.0,0.0,0.0,0.0,0.0,0.0,0.0,,
Sil Swinkels,Aston Villa,0,0,0,0.0,0.0,0,0.0,0.0,0.0,0.0,0.0,0.0,0.0,,
Oliwier Zych,Aston Villa,0,0,0,0.0,0.0,0,0.0,0.0,0.0,0.0,0.0,0.0,0.0,,
Kadan Young,Aston Villa,0,0,0,0.0,0.0,0,0.0,0.0,0.0,0.0,0.0,0.0,0.0,,
Ben Broggio,Aston Villa,0,0,0,0.0,0.0,0,0.0,0.0,0.0,0.0,0.0,0.0,0.0,,
Jamaldeen Jimoh,Aston Villa,0,0,0,0.0,0.0,0,0.0,0.0,0.0,0.0,0.0,0.0,0.0,,
Marco Asensio,Aston Villa,0,0,0,0.0,0.0,0,0.0,0.0,0.0,0.0,0.0,0.0,0.0,,
Jaidon Anthony,Bournemouth,0,0,0,0.0,0.0,0,0.0,0.0,0.0,0.0,0.0,0.0,0.0,,
Romain Faivre,Bournemouth,0,0,0,0.0,0.0,0,0.0,0.0,0.0,0.0,0.0,0.0,0.0,,
Hamed Traorè,Bournemouth,0,0,0,0.0,0.0,0,0.0,0.0,0.0,0.0,0.0,0.0,0.0,,
Chris Mepham,Bournemouth,0,0,0,0.0,0.0,0,0.0,0.0,0.0,0.0,0.0,0.0,0.0,,
Alex Paulsen,Bournemouth,0,0,0,0.0,0.0,0,0.0,0.0,0.0,0.0,0.0,0.0,0.0,,
Will Dennis,Bournemouth,0,0,0,0.0,0.0,0,0.0,0.0,0.0,0.0,0.0,0.0,0.0,,
Max Kinsey,Bournemouth,0,0,0,0.0,0.0,0,0.0,0.0,0.0,0.0,0.0,0.0,0.0,,
Archie Harris,Bournemouth,0,0,0,0.0,0.0,0,0.0,0.0,0.0,0.0,0.0,0.0,0.0,,
Matai Akinmboni,Bournemouth,0,0,0,0.0,0.0,0,0.0,0.0,0.0,0.0,0.0,0.0,0.0,,
Julio Soler,Bournemouth,0,0,0,0.0,0.0,0,0.0,0.0,0.0,0.0,0.0,0.0,0.0,,
Daniel Adu-Adjei,Bournemouth,0,0,0,0.0,0.0,0,0.0,0.0,0.0,0.0,0.0,0.0,0.0,,
Dominic Sadi,Bournemouth,0,0,0,0.0,0.0,0,0.0,0.0,0.0,0.0,0.0,0.0,0.0,,
Callan McKenna,Bournemouth,0,0,0,0.0,0.0,0,0.0,0.0,0.0,0.0,0.0,0.0,0.0,,
Ethan Brierley,Brentford,0,0,0,0.0,0.0,0,0.0,0.0,0.0,0.0,0.0,0.0,0.0,,
Josh Dasilva,Brentford,0,0,0,0.0,0.0,0,0.0,0.0,0.0,0.0,0.0,0.0,0.0,,
Aaron Hickey,Brentford,0,0,0,0.0,0.0,0,0.0,0.0,0.0,0.0,0.0,0.0,0.0,,
Myles Peart-Harris,Brentford,0,0,0,0.0,0.0,0,0.0,0.0,0.0,0.0,0.0,0.0,0.0,,
Ivan Toney,Brentford,0,0,0,0.0,0.0,0,0.0,0.0,0.0,0.0,0.0,0.0,0.0,,
Mathias Jorgensen,Brentford,0,0,0,0.0,0.0,0,0.0,0.0,0.0,0.0,0.0,0.0,0.0,,
Gustavo Nunes Fernandes Gomes,Brentford,0,0,0,0.0,0.0,0,0.0,0.0,0.0,0.0,0.0,0.0,0.0,,
Tony Yogane,Brentford,0,0,0,0.0,0.0,0,0.0,0.0,0.0,0.0,0.0,0.0,0.0,,
Benjamin Arthur,Brentford,0,0,0,0.0,0.0,0,0.0,0.0,0.0,0.0,0.0,0.0,0.0,,
Julian Eyestone,Brentford,0,0,0,0.0,0.0,0,0.0,0.0,0.0,0.0,0.0,0.0,0.0,,
Benicio Baker-Boaitey,Brighton,0,0,0,0.0,0.0,0,0.0,0.0,0.0,0.0,0.0,0.0,0.0,,
Valentín Barco,Brighton,0,0,0,0.0,0.0,0,0.0,0.0,0.0,0.0,0.0,0.0,0.0,,
Amario Cozier-Duberry,Brighton,0,0,0,0.0,0.0,0,0.0,0.0,0.0,0.0,0.0,0.0,0.0,,
Mahmoud Dahoud,Brighton,0,0,0,0.0,0.0,0,0.0,0.0,0.0,0.0,0.0,0.0,0.0,,
Pascal Groß,Brighton,0,0,0,0.0,0.0,0,0.0,0.0,0.0,0.0,0.0,0.0,0.0,,
Ibrahim Osman,Brighton,0,0,0,0.0,0.0,0,0.0,0.0,0.0,0.0,0.0,0.0,0.0,,
Kacper Kozłowski,Brighton,0,0,0,0.0,0.0,0,0.0,0.0,0.0,0.0,0.0,0.0,0.0,,
Adrian Mazilu,Brighton,0,0,0,0.0,0.0,0,0.0,0.0,0.0,0.0,0.0,0.0,0.0,,
Mark O’Mahony,Brighton,0,0,0,0.0,0.0,0,0.0,0.0,0.0,0.0,0.0,0.0,0.0,,
Odeluga Offiah,Brighton,0,0,0,0.0,0.0,0,0.0,0.0,0.0,0.0,0.0,0.0,0.0,,
Cameron Peupion,Brighton,0,0,0,0.0,0.0,0,0.0,0.0,0.0,0.0,0.0,0.0,0.0,,
Deniz Undav,Brighton,0,0,0,0.0,0.0,0,0.0,0.0,0.0,0.0,0.0,0.0,0.0,,
Andrew Moran,Brighton,0,0,0,0.0,0.0,0,0.0,0.0,0.0,0.0,0.0,0.0,0.0,,
Carl Rushworth,Brighton,0,0,0,0.0,0.0,0,0.0,0.0,0.0,0.0,0.0,0.0,0.0,,
Imari Samuels,Brighton,0,0,0,0.0,0.0,0,0.0,0.0,0.0,0.0,0.0,0.0,0.0,,
Killian Cahill,Brighton,0,0,0,0.0,0.0,0,0.0,0.0,0.0,0.0,0.0,0.0,0.0,,
Ruairi McConville,Brighton,0,0,0,0.0,0.0,0,0.0,0.0,0.0,0.0,0.0,0.0,0.0,,
Jacob Slater,Brighton,0,0,0,0.0,0.0,0,0.0,0.0,0.0,0.0,0.0,0.0,0.0,,
Fabian Hürzeler,Brighton,0,0,0,0.0,0.0,0,0.0,0.0,0.0,0.0,0.0,0.0,0.0,,
Joe Knight,Brighton,0,0,0,0.0,0.0,0,0.0,0.0,0.0,0.0,0.0,0.0,0.0,,
Eiran Cashin,Brighton,0,0,0,0.0,0.0,0,0.0,0.0,0.0,0.0,0.0,0.0,0.0,,
Andrey Nascimento dos Santos,Chelsea,0,0,0,0.0,0.0,0,0.0,0.0,0.0,0.0,0.0,0.0,0.0,,
Ângelo Gabriel Borges Damaceno,Chelsea,0,0,0,0.0,0.0,0,0.0,0.0,0.0,0.0,0.0,0.0,0.0,,
Lucas Bergström,Chelsea,0,0,0,0.0,0.0,0,0.0,0.0,0.0,0.0,0.0,0.0,0.0,,
Marcus Bettinelli,Chelsea,0,0,0,0.0,0.0,0,0.0,0.0,0.0,0.0,0.0,0.0,0.0,,
Cesare Casadei,Chelsea,0,0,0,0.0,0.0,0,0.0,0.0,0.0,0.0,0.0,0.0,0.0,,
Carney Chukwuemeka,Chelsea,0,0,0,0.0,0.0,0,0.0,0.0,0.0,0.0,0.0,0.0,0.0,,
David Datro Fofana,Chelsea,0,0,0,0.0,0.0,0,0.0,0.0,0.0,0.0,0.0,0.0,0.0,,
Deivid Washington de Souza Eugênio,Chelsea,0,0,0,0.0,0.0,0,0.0,0.0,0.0,0.0,0.0,0.0,0.0,,
Conor Gallagher,Chelsea,0,0,0,0.0,0.0,0,0.0,0.0,0.0,0.0,0.0,0.0,0.0,,
Alfie Gilchrist,Chelsea,0,0,0,0.0,0.0,0,0.0,0.0,0.0,0.0,0.0,0.0,0.0,,
Omari Kellyman,Chelsea,0,0,0,0.0,0.0,0,0.0,0.0,0.0,0.0,0.0,0.0,0.0,,
Romelu Lukaku Bolingoli,Chelsea,0,0,0,0.0,0.0,0,0.0,0.0,0.0,0.0,0.0,0.0,0.0,,
Malang Sarr,Chelsea,0,0,0,0.0,0.0,0,0.0,0.0,0.0,0.0,0.0,0.0,0.0,,
Đorđe Petrović,Chelsea,0,0,0,0.0,0.0,0,0.0,0.0,0.0,0.0,0.0,0.0,0.0,,
Caleb Wiley,Chelsea,0,0,0,0.0,0.0,0,0.0,0.0,0.0,0.0,0.0,0.0,0.0,,
Samuel Rak-Sakyi,Chelsea,0,0,0,0.0,0.0,0,0.0,0.0,0.0,0.0,0.0,0.0,0.0,,
Tyrique George,Chelsea,0,0,0,0.0,0.0,0,0.0,0.0,0.0,0.1,0.0,1.5,0.0,,
Ben Chilwell,Crystal Palace,0,0,0,0.0,0.0,0,0.0,0.0,0.0,0.0,0.0,0.0,0.0,,
Naouirou Ahamada,Crystal Palace,0,0,0,0.0,0.0,0,0.0,0.0,0.0,0.0,0.0,0.0,0.0,,
Malcolm Ebiowei,Crystal Palace,0,0,0,0.0,0.0,0,0.0,0.0,0.0,0.0,0.0,0.0,0.0,,
Rob Holding,Crystal Palace,0,0,0,0.0,0.0,0,0.0,0.0,0.0,0.0,0.0,0.0,0.0,,
Matheus França de Oliveira,Crystal Palace,0,0,0,0.0,0.0,0,0.0,0.0,0.0,0.0,0.0,0.0,0.0,,
Remi Matthews,Crystal Palace,0,0,0,0.0,0.0,0,0.0,0.0,0.0,0.0,0.0,0.0,0.0,,
David Ozoh,Crystal Palace,0,0,0,0.0,0.0,0,0.0,0.0,0.0,0.0,0.0,0.0,0.0,,
Jesurun Rak-Sakyi,Crystal Palace,0,0,0,0.0,0.0,0,0.0,0.0,0.0,0.0,0.0,0.0,0.0,,
Joel Ward,Crystal Palace,0,0,0,0.0,0.0,0,0.0,0.0,0.0,0.0,0.0,0.0,0.0,,
Matt Turner,Crystal Palace,0,0,0,0.0,0.0,0,0.0,0.0,0.0,0.0,0.0,0.0,0.0,,
Franco Umeh-Chibueze,Crystal Palace,0,0,0,0.0,0.0,0,0.0,0.0,0.0,0.0,0.0,0.0,0.0,,
Kaden Rodney,Crystal Palace,0,0,0,0.0,0.0,0,0.0,0.0,0.0,0.0,0.0,0.0,0.0,,
Zach Marsh,Crystal Palace,0,0,0,0.0,0.0,0,0.0,0.0,0.0,0.0,0.0,0.0,0.0,,
João Neves Virgínia,Everton,0,0,0,0.0,0.0,0,0.0,0.0,0.0,0.0,0.0,0.0,0.0,,
Neal Maupay,Everton,0,0,0,0.0,0.0,0,0.0,0.0,0.0,0.0,0.0,0.0,0.0,,
Youssef Ramalho Chermiti,Everton,0,0,0,0.0,0.0,0,0.0,0.0,0.0,0.0,0.0,0.0,0.0,,
Jenson Metcalfe,Everton,0,0,0,0.0,0.0,0,0.0,0.0,0.0,0.0,0.0,0.0,0.0,,
Asmir Begovic,Everton,0,0,0,0.0,0.0,0,0.0,0.0,0.0,0.0,0.0,0.0,0.0,,
Roman Dixon,Everton,0,1,0,0.0,0.0,0,0.0,0.0,0.0,1.6,0.0,0.3,15.4,,
Callum Bates,Everton,0,0,0,0.0,0.0,0,0.0,0.0,0.0,0.0,0.0,0.0,0.0,,
Martin Sherif,Everton,0,0,0,0.0,0.0,0,0.0,0.0,0.0,0.0,0.0,0.0,0.0,,
Steven Benda,Fulham,0,0,0,0.0,0.0,0,0.0,0.0,0.0,0.0,0.0,0.0,0.0,,
Luke Harris,Fulham,0,0,0,0.0,0.0,0,0.0,0.0,0.0,0.0,0.0,0.0,0.0,,
Kevin Mbabu,Fulham,0,0,0,0.0,0.0,0,0.0,0.0,0.0,0.0,0.0,0.0,0.0,,
Tim Ream,Fulham,0,0,0,0.0,0.0,0,0.0,0.0,0.0,0.0,0.0,0.0,0.0,,
Samuel Amissah,Fulham,0,0,0,0.0,0.0,0,0.0,0.0,0.0,0.0,0.0,0.0,0.0,,
Elkan Baggott,Ipswich,0,0,0,0.0,0.0,0,0.0,0.0,0.0,0.0,0.0,0.0,0.0,,
Cameron Humphreys,Ipswich,0,0,0,0.0,0.0,0,0.0,0.0,0.0,0.0,0.0,0.0,0.0,,
Freddie Ladapo,Ipswich,0,0,0,0.0,0.0,0,0.0,0.0,0.0,0.0,0.0,0.0,0.0,,
Corrie Ndaba,Ipswich,0,0,0,0.0,0.0,0,0.0,0.0,0.0,0.0,0.0,0.0,0.0,,
Cieran Slicker,Ipswich,0,0,0,0.0,0.0,0,0.0,0.0,0.0,0.0,0.0,0.0,0.0,,
Ben Godfrey,Ipswich,0,1,0,0.0,0.0,0,0.02,0.03,0.03,0.8,2.0,1.7,4.2,,
Alex Palmer,Ipswich,0,0,0,0.0,0.0,0,0.0,0.0,0.0,0.0,0.0,0.0,0.0,,
Tom Cannon,Leicester,0,0,0,0.0,0.0,0,0.0,0.0,0.0,0.0,0.0,0.0,0.0,,
Michael Golding,Leicester,0,0,0,0.0,0.0,0,0.0,0.0,0.0,0.0,0.0,0.0,0.0,,
Daniel Iversen,Leicester,0,0,0,0.0,0.0,0,0.0,0.0,0.0,0.0,0.0,0.0,0.0,,
Wanya Marçal-Madivádua,Leicester,0,0,0,0.0,0.0,0,0.0,0.0,0.0,0.0,0.0,0.0,0.0,,
Harry Souttar,Leicester,0,0,0,0.0,0.0,0,0.0,0.0,0.0,0.0,0.0,0.0,0.0,,
Ben Nelson,Leicester,0,0,0,0.0,0.0,0,0.0,0.0,0.0,0.0,0.0,0.0,0.0,,
Henry Cartwright,Leicester,0,0,0,0.0,0.0,0,0.0,0.0,0.0,0.0,0.0,0.0,0.0,,
Thomas Wilson-Brown,Leicester,0,0,0,0.0,0.0,0,0.0,0.0,0.0,0.0,0.0,0.0,0.0,,
Stefan Bajčetić Maquieira,Liverpool,0,0,0,0.0,0.0,0,0.0,0.0,0.0,0.0,0.0,0.0,0.0,,
Bobby Clark,Liverpool,0,0,0,0.0,0.0,0,0.0,0.0,0.0,0.0,0.0,0.0,0.0,,
Ben Doak,Liverpool,0,0,0,0.0,0.0,0,0.0,0.0,0.0,0.0,0.0,0.0,0.0,,
James McConnell,Liverpool,0,0,0,0.0,0.0,0,0.0,0.0,0.0,0.0,0.0,0.0,0.0,,
Tyler Morton,Liverpool,0,0,0,0.0,0.0,0,0.0,0.0,0.0,0.0,0.0,0.0,0.0,,
Nathaniel Phillips,Liverpool,0,0,0,0.0,0.0,0,0.0,0.0,0.0,0.0,0.0,0.0,0.0,,
Rhys Williams,Liverpool,0,0,0,0.0,0.0,0,0.0,0.0,0.0,0.0,0.0,0.0,0.0,,
Harvey Davies,Liverpool,0,0,0,0.0,0.0,0,0.0,0.0,0.0,0.0,0.0,0.0,0.0,,
Treymaurice Nyoni,Liverpool,0,0,0,0.0,0.0,0,0.0,0.0,0.0,0.0,0.0,0.0,0.0,,
Amara Nallo,Liverpool,0,0,0,0.0,0.0,0,0.0,0.0,0.0,0.0,0.0,0.0,0.0,,
Oscar Bobb,Man City,0,0,0,0.0,0.0,0,0.0,0.0,0.0,0.0,0.0,0.0,0.0,,
Scott Carson,Man City,0,0,0,0.0,0.0,0,0.0,0.0,0.0,0.0,0.0,0.0,0.0,,
Julián Álvarez,Man City,0,0,0,0.0,0.0,0,0.0,0.0,0.0,0.0,0.0,0.0,0.0,,
João Cavaco Cancelo,Man City,0,0,0,0.0,0.0,0,0.0,0.0,0.0,0.0,0.0,0.0,0.0,,
Issa Kaboré,Man City,0,0,0,0.0,0.0,0,0.0,0.0,0.0,0.0,0.0,0.0,0.0,,
Jacob Wright,Man City,0,0,0,0.0,0.0,0,0.0,0.0,0.0,0.0,0.0,0.0,0.0,,
Josh Wilson-Esbrand,Man City,0,0,0,0.0,0.0,0,0.0,0.0,0.0,0.0,0.0,0.0,0.0,,
Max Alleyne,Man City,0,0,0,0.0,0.0,0,0.0,0.0,0.0,0.0,0.0,0.0,0.0,,
Spike Brits,Man City,0,0,0,0.0,0.0,0,0.0,0.0,0.0,0.0,0.0,0.0,0.0,,
Abdukodir Khusanov,Man City,0,1,0,0.02,0.03,0,0.0,0.0,0.03,0.5,2.0,0.2,2.8,,
Vitor de Oliveira Nunes dos Reis,Man City,0,0,0,0.0,0.0,0,0.0,0.0,0.0,0.0,0.0,0.0,0.0,,
Nico González,Man City,0,0,0,0.0,0.0,0,0.0,0.0,0.0,0.0,0.0,0.0,0.0,,
Altay Bayindir,Man Utd,0,0,0,0.0,0.0,0,0.0,0.0,0.0,0.0,0.0,0.0,0.0,,
Hannibal Mejbri,Man Utd,0,0,0,0.0,0.0,0,0.0,0.0,0.0,0.0,0.0,0.0,0.0,,
Tom Heaton,Man Utd,0,0,0,0.0,0.0,0,0.0,0.0,0.0,0.0,0.0,0.0,0.0,,
Facundo Pellistri Rebollo,Man Utd,0,0,0,0.0,0.0,0,0.0,0.0,0.0,0.0,0.0,0.0,0.0,,
Ethan Wheatley,Man Utd,0,0,0,0.0,0.0,0,0.0,0.0,0.0,0.0,0.0,0.0,0.0,,
Ayden Heaven,Man Utd,0,0,0,0.0,0.0,0,0.0,0.0,0.0,0.0,0.0,0.0,0.0,,
Jack Fletcher,Man Utd,0,0,0,0.0,0.0,0,0.0,0.0,0.0,0.0,0.0,0.0,0.0,,
Harry Amass,Man Utd,0,0,0,0.0,0.0,0,0.0,0.0,0.0,0.0,0.0,0.0,0.0,,
Jayce Fitzgerald,Man Utd,0,0,0,0.0,0.0,0,0.0,0.0,0.0,0.0,0.0,0.0,0.0,,
Godwill Kukonki,Man Utd,0,0,0,0.0,0.0,0,0.0,0.0,0.0,0.0,0.0,0.0,0.0,,
Elyh Harrison,Man Utd,0,0,0,0.0,0.0,0,0.0,0.0,0.0,0.0,0.0,0.0,0.0,,
Patrick Dorgu,Man Utd,0,0,0,0.0,0.0,0,0.0,0.0,0.0,0.0,0.0,0.0,0.0,,
Alex Murphy,Newcastle,0,0,0,0.0,0.0,0,0.0,0.0,0.0,0.0,0.0,0.0,0.0,,
Isaac Hayden,Newcastle,0,0,0,0.0,0.0,0,0.0,0.0,0.0,0.0,0.0,0.0,0.0,,
Garang Kuol,Newcastle,0,0,0,0.0,0.0,0,0.0,0.0,0.0,0.0,0.0,0.0,0.0,,
Jamaal Lascelles,Newcastle,0,0,0,0.0,0.0,0,0.0,0.0,0.0,0.0,0.0,0.0,0.0,,
Jamal Lewis,Newcastle,0,0,0,0.0,0.0,0,0.0,0.0,0.0,0.0,0.0,0.0,0.0,,
Odysseas Vlachodimos,Newcastle,0,0,0,0.0,0.0,0,0.0,0.0,0.0,0.0,0.0,0.0,0.0,,
John Ruddy,Newcastle,0,0,0,0.0,0.0,0,0.0,0.0,0.0,0.0,0.0,0.0,0.0,,
Joe White,Newcastle,0,0,0,0.0,0.0,0,0.0,0.0,0.0,0.0,0.0,0.0,0.0,,
Miodrag Pivaš,Newcastle,0,0,0,0.0,0.0,0,0.0,0.0,0.0,0.0,0.0,0.0,0.0,,
Josh Bowler,Nott'm Forest,0,0,0,0.0,0.0,0,0.0,0.0,0.0,0.0,0.0,0.0,0.0,,
Carlos Miguel dos Santos Pereira,Nott'm Forest,0,0,0,0.0,0.0,0,0.0,0.0,0.0,0.0,0.0,0.0,0.0,,
Emmanuel Dennis,Nott'm Forest,0,0,0,0.0,0.0,0,0.0,0.0,0.0,0.0,0.0,0.0,0.0,,
Alex Mighten,Nott'm Forest,0,0,0,0.0,0.0,0,0.0,0.0,0.0,0.0,0.0,0.0,0.0,,
Omar Richards,Nott'm Forest,0,0,0,0.0,0.0,0,0.0,0.0,0.0,0.0,0.0,0.0,0.0,,
Lewis O'Brien,Nott'm Forest,0,0,0,0.0,0.0,0,0.0,0.0,0.0,0.0,0.0,0.0,0.0,,
Andrew Omobamidele,Nott'm Forest,0,0,0,0.0,0.0,0,0.0,0.0,0.0,0.0,0.0,0.0,0.0,,
Jonathan Panzo,Nott'm Forest,0,0,0,0.0,0.0,0,0.0,0.0,0.0,0.0,0.0,0.0,0.0,,
Hwang Ui-jo,Nott'm Forest,0,0,0,0.0,0.0,0,0.0,0.0,0.0,0.0,0.0,0.0,0.0,,
Joe Worrall,Nott'm Forest,0,0,0,0.0,0.0,0,0.0,0.0,0.0,0.0,0.0,0.0,0.0,,
Zach Abbott,Nott'm Forest,0,0,0,0.0,0.0,0,0.0,0.0,0.0,0.0,0.0,0.0,0.0,,
Wayne Hennessey,Nott'm Forest,0,0,0,0.0,0.0,0,0.0,0.0,0.0,0.0,0.0,0.0,0.0,,
Gavin Bazunu,Southampton,0,0,0,0.0,0.0,0,0.0,0.0,0.0,0.0,0.0,0.0,0.0,,
Armel Bella-Kotchap,Southampton,0,0,0,0.0,0.0,0,0.0,0.0,0.0,0.0,0.0,0.0,0.0,,
Shea Charles,Southampton,0,0,0,0.0,0.0,0,0.0,0.0,0.0,0.0,0.0,0.0,0.0,,
Juan Larios López,Southampton,0,0,0,0.0,0.0,0,0.0,0.0,0.0,0.0,0.0,0.0,0.0,,
Mateusz Lis,Southampton,0,0,0,0.0,0.0,0,0.0,0.0,0.0,0.0,0.0,0.0,0.0,,
Sékou Mara,Southampton,0,0,0,0.0,0.0,0,0.0,0.0,0.0,0.0,0.0,0.0,0.0,,
Joseph O'Brien-Whitmarsh,Southampton,0,0,0,0.0,0.0,0,0.0,0.0,0.0,0.0,0.0,0.0,0.0,,
Joachim Kayi-Sanda,Southampton,0,0,0,0.0,0.0,0,0.0,0.0,0.0,0.0,0.0,0.0,0.0,,
Ashley Phillips,Spurs,0,0,0,0.0,0.0,0,0.0,0.0,0.0,0.0,0.0,0.0,0.0,,
Bryan Gil Salvatierra,Spurs,0,0,0,0.0,0.0,0,0.0,0.0,0.0,0.0,0.0,0.0,0.0,,
Alfie Devine,Spurs,0,0,0,0.0,0.0,0,0.0,0.0,0.0,0.0,0.0,0.0,0.0,,
Emerson Leite de Souza Junior,Spurs,0,0,0,0.0,0.0,0,0.0,0.0,0.0,0.0,0.0,0.0,0.0,,
Pierre-Emile Højbjerg,Spurs,0,0,0,0.0,0.0,0,0.0,0.0,0.0,0.0,0.0,0.0,0.0,,
Giovani Lo Celso,Spurs,0,0,0,0.0,0.0,0,0.0,0.0,0.0,0.0,0.0,0.0,0.0,,
Manor Solomon,Spurs,0,0,0,0.0,0.0,0,0.0,0.0,0.0,0.0,0.0,0.0,0.0,,
Alejo Véliz,Spurs,0,0,0,0.0,0.0,0,0.0,0.0,0.0,0.0,0.0,0.0,0.0,,
Alfie Whiteman,Spurs,0,0,0,0.0,0.0,0,0.0,0.0,0.0,0.0,0.0,0.0,0.0,,
Callum Olusesi,Spurs,0,0,0,0.0,0.0,0,0.0,0.0,0.0,0.0,0.0,0.0,0.0,,
Malachi Hardy,Spurs,0,0,0,0.0,0.0,0,0.0,0.0,0.0,0.0,0.0,0.0,0.0,,
Luca Williams-Barnett,Spurs,0,0,0,0.0,0.0,0,0.0,0.0,0.0,0.0,0.0,0.0,0.0,,
Maeson King,Spurs,0,0,0,0.0,0.0,0,0.0,0.0,0.0,0.0,0.0,0.0,0.0,,
Min-Hyeok Yang,Spurs,0,0,0,0.0,0.0,0,0.0,0.0,0.0,0.0,0.0,0.0,0.0,,
Damola Ajayi,Spurs,0,0,0,0.0,0.0,0,0.0,0.0,0.0,0.0,0.0,0.0,0.0,,
Dante Cassanova,Spurs,0,0,0,0.0,0.0,0,0.0,0.0,0.0,0.0,0.0,0.0,0.0,,
Kevin Danso,Spurs,0,0,0,0.0,0.0,0,0.0,0.0,0.0,0.0,0.0,0.0,0.0,,
Mathys Tel,Spurs,0,0,0,0.0,0.0,0,0.0,0.0,0.0,0.0,0.0,0.0,0.0,,
George Earthy,West Ham,0,0,0,0.0,0.0,0,0.0,0.0,0.0,0.0,0.0,0.0,0.0,,
Wes Foderingham,West Ham,0,0,0,0.0,0.0,0,0.0,0.0,0.0,0.0,0.0,0.0,0.0,,
Nayef Aguerd,West Ham,0,0,0,0.0,0.0,0,0.0,0.0,0.0,0.0,0.0,0.0,0.0,,
Kurt Zouma,West Ham,0,0,0,0.0,0.0,0,0.0,0.0,0.0,0.0,0.0,0.0,0.0,,
Ezra Mayers,West Ham,0,0,0,0.0,0.0,0,0.0,0.0,0.0,0.0,0.0,0.0,0.0,,
Boubacar Traoré,Wolves,0,0,0,0.0,0.0,0,0.0,0.0,0.0,0.0,0.0,0.0,0.0,,
Daniel Bentley,Wolves,0,0,0,0.0,0.0,0,0.0,0.0,0.0,0.0,0.0,0.0,0.0,,
Tawanda Chirewa,Wolves,0,0,0,0.0,0.0,0,0.0,0.0,0.0,0.0,0.0,0.0,0.0,,
Leon Chiwome,Wolves,0,0,0,0.0,0.0,0,0.0,0.0,0.0,0.0,0.0,0.0,0.0,,
Luke Cundle,Wolves,0,0,0,0.0,0.0,0,0.0,0.0,0.0,0.0,0.0,0.0,0.0,,
Fábio Silva,Wolves,0,0,0,0.0,0.0,0,0.0,0.0,0.0,0.0,0.0,0.0,0.0,,
Nathan Fraser,Wolves,0,0,0,0.0,0.0,0,0.0,0.0,0.0,0.0,0.0,0.0,0.0,,
Enso González,Wolves,0,0,0,0.0,0.0,0,0.0,0.0,0.0,0.0,0.0,0.0,0.0,,
Hugo Bueno López,Wolves,0,0,0,0.0,0.0,0,0.0,0.0,0.0,0.0,0.0,0.0,0.0,,
Joe Hodge,Wolves,0,0,0,0.0,0.0,0,0.0,0.0,0.0,0.0,0.0,0.0,0.0,,
Ki-Jana Hoever,Wolves,0,0,0,0.0,0.0,0,0.0,0.0,0.0,0.0,0.0,0.0,0.0,,
Saša Kalajdžić,Wolves,0,0,0,0.0,0.0,0,0.0,0.0,0.0,0.0,0.0,0.0,0.0,,
Tom King,Wolves,0,0,0,0.0,0.0,0,0.0,0.0,0.0,0.0,0.0,0.0,0.0,,
Pedro Cardoso de Lima,Wolves,0,1,0,0.0,0.0,0,0.09,0.14,0.14,5.3,2.0,34.2,16.8,,
Bastien Meupiyou,Wolves,0,0,0,0.0,0.0,0,0.0,0.0,0.0,0.0,0.0,0.0,0.0,,
Tom Edozie,Wolves,0,0,0,0.0,0.0,0,0.0,0.0,0.0,0.0,0.0,0.0,0.0,,
Wes Okoduwa,Wolves,0,0,0,0.0,0.0,0,0.0,0.0,0.0,0.0,0.0,0.0,0.0,,
Nasser Djiga,Wolves,0,0,0,0.0,0.0,0,0.0,0.0,0.0,0.0,0.0,0.0,0.0,,
Marshall Munetsi,Wolves,0,0,0,0.0,0.0,0,0.0,0.0,0.0,0.0,0.0,0.0,0.0,,
